geo,name,1950,1951,1952,1953,1954,1955,1956,1957,1958,1959,1960,1961,1962,1963,1964,1965,1966,1967,1968,1969,1970,1971,1972,1973,1974,1975,1976,1977,1978,1979,1980,1981,1982,1983,1984,1985,1986,1987,1988,1989,1990,1991,1992,1993,1994,1995,1996,1997,1998,1999,2000,2001,2002,2003,2004,2005,2006,2007,2008,2009,2010,2011,2012,2013,2014,2015,2016,2017,2018,2019,2020,2021,2022,2023,2024,2025,2026,2027,2028,2029,2030,2031,2032,2033,2034,2035,2036,2037,2038,2039,2040,2041,2042,2043,2044,2045,2046,2047,2048,2049,2050,2051,2052,2053,2054,2055,2056,2057,2058,2059,2060,2061,2062,2063,2064,2065,2066,2067,2068,2069,2070,2071,2072,2073,2074,2075,2076,2077,2078,2079,2080,2081,2082,2083,2084,2085,2086,2087,2088,2089,2090,2091,2092,2093,2094,2095,2096,2097,2098,2099,2100
afg,Afghanistan,1291622,1314492,1320099,1323502,1333989,1357410,1387305,1421007,1457835,1497366,1541407,1603667,1649841,1686720,1724012,1770697,1828431,1878832,1927296,1979483,2041599,2117019,2185479,2248406,2305710,2356561,2426343,2486634,2530243,2544600,2520386,2512123,2470592,2408348,2349141,2320143,2278178,2229272,2205418,2251483,2412476,2578479,2808105,3080466,3336694,3515020,3700626,3838877,3936710,4031994,4166247,4324644,4486513,4647080,4789353,4898190,5022432,5112694,5180139,5242269,5315605,5365812,5408414,5444573,5475260,5500914,5528751,5562987,5601443,5638782,5672509,5724647,5758824,5779595,5795657,5814358,5840911,5859380,5872838,5883094,5892526,5905645,5913871,5918083,5919136,5918288,5922727,5919828,5911137,5898714,5884704,5875541,5860052,5839539,5815219,5788595,5766500,5738077,5705160,5670265,5635724,5606274,5575602,5543724,5510172,5475225,5448887,5416124,5378527,5338425,5298034,5264322,5226329,5185280,5142337,5098848,5061448,5021273,4979042,4935643,4892143,4855783,4816862,4776047,4734154,4692239,4657902,4620260,4580336,4539461,4499030,4465298,4429360,4391884,4353569,4315353,4283393,4248801,4212385,4175186,4138352,4106806,4073192,4038187,4002579,3967330,3936789,3904362,3870750,3836805,3803457
ago,Angola,739236,763813,790153,816877,843456,872685,913314,941707,962728,980325,994671,988990,995199,1005359,1010238,1007805,1024088,1017076,1002390,1003129,1034002,1045736,1103531,1191933,1283662,1360041,1456780,1509959,1534047,1556004,1596903,1636925,1697014,1773661,1854985,1933083,2023165,2102801,2174195,2243046,2314341,2395820,2467342,2533585,2599556,2670605,2749750,2826364,2904321,2988059,3082554,3192809,3302279,3415317,3537941,3676787,3838602,3998054,4156762,4314412,4472076,4645824,4798718,4936335,5065476,5192358,5318678,5437118,5552546,5670471,5795004,5918800,6057972,6208891,6365659,6524611,6701428,6869181,7031317,7194201,7363393,7544666,7721337,7895525,8068088,8240559,8419428,8591341,8758872,8925524,9094253,9267688,9441405,9614716,9785595,9953178,10129666,10295013,10452640,10607915,10765222,10928325,11091145,11253969,11415894,11576874,11748154,11913494,12074470,12233668,12393489,12563965,12729505,12890780,13047746,13201031,13363951,13515948,13660050,13800667,13941344,14088374,14234688,14379231,14519342,14653636,14799055,14932311,15055665,15172614,15286085,15406871,15520263,15628669,15735135,15842167,15957784,16075724,16193471,16306732,16413017,16535103,16639759,16730250,16812546,16892398,16977079,17055225,17128322,17193238,17244261
alb,Albania,180780,186637,193969,202493,212033,222537,234911,245518,254829,263645,272916,282894,291665,299270,305334,309722,313616,314495,313477,312343,312372,311085,313106,317358,321860,325230,330456,332932,333576,334192,336115,337950,340679,344572,349898,356913,365634,376387,386793,392603,390242,390904,382084,366412,349403,336031,321275,309225,299548,290300,279835,267993,255866,243527,231341,219405,207542,196759,187163,179312,173861,170685,169675,170014,170558,171038,176517,176522,173110,169053,166278,162023,159440,158030,156379,153570,150510,146495,141722,136873,132405,127840,123794,120225,116958,113906,111528,109284,107185,105293,103705,103027,102078,100991,99908,98973,98477,97717,96781,95725,94614,93557,92282,90838,89271,87627,85950,84168,82305,80412,78529,76782,75018,73256,71522,69866,68578,67205,65800,64422,63145,62308,61340,60293,59231,58224,57595,56797,55877,54904,53944,53233,52360,51373,50317,49232,48319,47241,46054,44811,43581,42519,41394,40219,39018,37819,36895,35840,34693,33532,32467
are,UAE,12031,11849,12307,13010,13723,14335,14857,15134,15396,15940,17063,17639,18773,20265,21863,23431,24748,26172,28148,31353,36485,40010,44204,49323,56193,65850,76025,88972,103970,119024,131831,143142,155151,167029,178430,188927,194675,203181,213248,222838,229716,231342,232315,231986,231231,232343,239149,244700,250986,258601,266426,255341,251751,256148,271206,299512,319169,351148,388511,421302,441727,477963,498557,505841,506263,505521,506240,505029,503147,501230,499138,491770,492391,497716,502873,504423,509547,508589,503227,496968,492124,486956,484535,484364,484736,484424,484696,485458,486618,488536,491289,494787,499591,505298,511195,516726,522962,528541,533643,538563,543432,546301,549215,552193,555144,557864,558189,559452,561323,563355,565092,565934,567283,568911,570606,572127,573568,575143,576878,578801,580832,582724,585267,588334,591734,595251,598931,603217,607895,612701,617381,622371,627322,632190,636891,641272,645536,649754,653837,657625,660903,663875,666932,669958,672771,675146,677423,679993,682758,685578,688275
arg,Argentina,1994556,2040059,2069620,2094441,2118050,2140949,2156659,2178432,2202547,2225427,2244855,2269255,2288433,2303960,2318986,2335930,2357161,2378448,2402601,2433267,2473308,2520729,2578999,2646646,2722574,2805986,2907874,3016244,3122700,3212742,3278151,3353058,3363392,3333294,3301193,3293429,3248348,3270270,3337215,3409303,3458700,3534615,3573875,3583042,3579943,3577417,3574466,3558558,3537507,3518615,3507341,3485213,3491067,3514967,3541040,3558316,3591060,3602178,3599079,3596750,3606003,3614824,3636300,3666302,3694669,3714607,3739522,3749363,3747739,3741882,3736651,3725618,3718154,3713289,3708194,3700829,3692893,3686673,3680689,3673631,3664583,3659828,3650141,3637083,3623227,3610467,3598952,3589415,3581093,3572182,3561506,3553817,3543372,3530857,3517709,3504901,3493673,3483266,3473192,3462397,3450170,3440616,3429163,3416019,3401686,3386493,3373186,3359041,3344172,3328658,3312507,3298515,3284881,3271132,3256612,3240871,3228475,3214517,3199327,3183577,3167686,3154337,3141603,3129058,3115798,3101081,3089782,3076889,3062552,3047397,3031864,3018982,3006634,2994373,2981388,2967036,2956007,2943910,2930659,2916222,2900449,2887734,2874186,2859668,2844087,2827490,2813821,2800435,2787435,2774594,2761175
arm,Armenia,150356,174794,188915,201742,216572,235219,252853,272336,291771,309178,323412,336319,344888,349191,349615,346340,338341,326456,312631,300200,291511,279476,278889,286213,295343,301645,313178,318939,320624,322361,327083,332884,341397,351736,361912,370907,383587,392628,397020,395153,385616,375575,358210,335781,312021,290038,263533,241072,222626,207898,196554,185268,180921,181555,184231,186629,194012,197399,197963,198354,201083,205722,208969,211602,213576,214743,213834,212583,210839,208380,204987,200008,195084,190104,185075,179971,174621,169828,165503,161604,158152,155692,153502,151640,150231,149416,149828,150234,150696,151274,152057,153571,154675,155447,155917,156131,156277,155837,154914,153642,152106,150017,147907,145750,143491,141092,138540,136097,133751,131514,129422,127724,126148,124706,123429,122371,121946,121473,120999,120592,120320,120514,120530,120419,120214,119959,119838,119451,118854,118096,117223,116234,115110,113878,112550,111142,109694,108237,106769,105298,103847,102621,101401,100198,99024,97918,97225,96447,95609,94788,94098
atg,Antigua and Barbuda,7092,7273,7412,7521,7616,7711,7848,7984,8114,8240,8354,8519,8637,8724,8815,8942,9166,9369,9535,9616,9573,9482,9337,9134,8907,8705,8510,8339,8191,8059,7933,7766,7616,7480,7348,7217,7026,6849,6694,6584,6556,6577,6619,6694,6796,6908,6978,7070,7168,7253,7288,7207,7172,7158,7148,7125,7122,7095,7048,6997,6979,7153,7226,7236,7225,7238,7361,7403,7401,7380,7355,7293,7238,7191,7140,7079,7002,6945,6900,6858,6806,6773,6721,6657,6597,6547,6505,6476,6458,6442,6423,6419,6408,6390,6368,6351,6337,6323,6312,6294,6268,6245,6213,6176,6134,6093,6046,6005,5965,5928,5887,5848,5812,5778,5747,5711,5686,5661,5632,5605,5579,5560,5536,5514,5490,5470,5450,5430,5410,5390,5362,5345,5321,5293,5263,5233,5203,5175,5147,5119,5089,5063,5039,5013,4988,4962,4941,4921,4899,4874,4850
aus,Australia,888742,925136,941558,955051,970891,988611,990739,1010782,1039641,1067891,1088625,1115813,1130923,1137780,1144894,1158798,1174611,1191474,1209600,1226449,1238526,1248431,1262531,1274426,1276381,1265969,1271079,1242502,1195106,1152108,1129308,1091595,1095536,1128178,1165727,1192438,1238661,1257379,1256544,1252496,1255771,1254064,1263242,1279221,1292496,1297817,1307872,1306569,1297608,1287274,1278736,1259207,1247929,1244875,1251114,1268643,1290249,1328020,1376075,1423677,1461885,1508644,1533838,1543818,1551012,1564345,1572518,1595449,1627081,1654857,1669707,1686733,1687017,1674905,1660121,1649258,1632625,1626820,1628836,1632171,1632367,1637690,1639942,1639924,1640368,1643108,1650518,1658752,1668085,1678224,1689076,1703880,1719147,1734580,1749642,1763865,1781377,1796826,1810372,1822289,1832702,1844085,1854220,1863026,1870217,1875409,1881032,1886072,1890264,1893265,1894688,1897698,1900411,1902702,1904647,1906243,1910713,1916073,1922017,1928013,1933547,1943607,1953272,1962333,1970790,1978688,1990717,2002006,2012613,2022370,2030914,2042522,2053553,2063604,2072101,2078510,2087671,2095480,2101880,2106942,2110527,2116688,2123209,2129462,2134573,2137701,2145116,2151518,2156537,2160295,2163170
aut,Austria,516129,493456,480028,475595,480107,490872,503038,520992,541224,561310,580913,609830,627316,636542,641911,646655,646807,645539,642499,635496,622908,603724,581328,556704,532063,508594,480589,460540,446779,437206,430482,429569,432003,436220,439978,441996,450074,446872,437253,429191,428844,426492,435829,452684,467480,472414,475139,465952,448013,429423,416398,399425,393096,394693,397956,398127,399997,398647,394909,391651,390934,390770,392359,395808,400744,407016,414550,423743,433611,442324,448166,454260,456697,456147,454237,452192,448012,445444,443895,442121,439105,435030,431083,427081,423098,419086,415007,411550,408615,406094,403856,402188,401312,401025,401110,401379,402567,403992,405571,407213,408813,410817,412886,414910,416683,417979,419010,419947,420645,420933,420575,419539,418587,417555,416252,414433,412140,410276,408611,406939,405052,403343,402213,401437,400787,400046,399897,400073,400457,400897,401179,401940,402893,403888,404758,405331,406053,407010,408009,408776,408998,409242,409553,409727,409571,408910,408224,407768,407372,406801,405719
aze,Azerbaijan,341856,391283,429213,464845,499366,535160,575011,608662,638485,667917,699845,727986,761805,796633,824480,839752,855527,849351,827472,801076,778567,746748,727625,718470,712418,704578,701644,697239,692545,691521,697245,711604,729077,749799,773414,800083,835340,868579,898416,922209,938591,957274,957730,943945,921391,894380,855415,815832,777756,743068,712542,674032,653134,645037,643200,643145,656929,665248,671126,681534,702249,734346,771215,809746,842221,863675,889384,889916,872446,848367,825398,785094,757569,739435,723566,704719,684562,668592,655250,644802,637424,638171,638198,638111,638559,640340,647379,651113,652560,652538,651721,650182,646973,642484,636966,630492,621408,613520,606334,599253,591770,584091,577135,570663,564601,558908,554606,550215,545886,541821,538222,535813,533267,530700,528182,525797,524002,522068,520008,517803,515437,513182,510690,507971,505015,501807,498339,494706,490961,487198,483453,479389,475699,472287,469014,465779,462778,459875,457038,454261,451542,449325,447028,444675,442321,440048,438217,436424,434711,433028,431238
bdi,Burundi,377410,396583,420163,440714,456494,469173,490023,499196,502261,504844,511173,514944,523731,536962,552150,567944,587760,604328,617970,628917,637109,647496,652057,653877,658051,669741,685695,704605,727043,752842,782875,823142,857636,889147,920706,954392,989405,1021437,1050125,1074817,1096536,1129415,1150367,1162143,1167245,1167688,1165446,1157055,1147656,1144947,1155817,1163200,1184541,1218095,1259803,1306825,1364046,1418182,1470348,1522983,1578653,1644264,1703368,1757892,1809265,1859042,1905899,1946753,1983545,2018697,2053840,2083033,2116978,2154032,2191243,2226440,2263185,2296961,2328722,2360705,2394640,2430770,2467545,2505226,2543625,2582818,2625048,2666268,2706867,2747408,2788444,2831856,2873616,2914126,2953743,2992854,3033129,3071469,3108089,3143090,3176622,3210675,3242234,3271787,3299976,3327303,3355096,3382266,3408638,3433784,3457478,3483121,3506388,3527874,3548564,3569224,3591750,3614056,3636118,3657729,3678845,3702772,3725286,3746336,3765775,3783600,3803630,3819980,3833601,3845876,3857826,3870112,3882824,3895407,3906729,3916044,3927540,3936144,3942208,3946455,3949435,3953984,3956736,3957876,3957504,3955868,3955661,3954341,3952363,3949987,3946960
bel,Belgium,696820,718826,709973,700039,697323,701535,684021,691515,711994,733952,749685,773034,785702,788784,787088,783725,779122,767535,751815,734877,718858,696015,681316,672019,663630,653006,645157,633955,620771,608826,600255,592872,589775,589790,590461,590432,594221,593747,590823,588764,589974,590368,595248,602808,608833,609858,608909,602289,591934,582139,576032,566152,564238,568509,575720,583492,593944,604925,615530,624993,632774,643719,648278,648316,646527,644951,640519,637956,636887,635948,633653,628638,626707,626171,625375,623323,623793,621425,617224,612928,609688,606188,604504,604253,604473,604482,605419,606674,608022,609446,610899,613392,615696,617720,619238,620018,621050,621257,620747,619755,618364,616402,615133,614241,613253,611759,610479,609494,608568,607492,606067,605290,604395,603404,602442,601553,601190,601599,602450,603236,603561,604865,605832,606445,606816,606955,607593,608491,609403,609908,609633,609836,609662,609075,608159,606894,605850,605387,605180,604757,603693,603460,603143,602605,601813,600711,600499,600578,600775,600807,600366
ben,Benin,308821,311533,317464,324080,331218,339537,352277,360769,367183,373968,383409,395250,406370,417631,429398,442356,457494,470539,482513,494674,508360,524517,538692,552168,566445,583059,602466,621177,639963,659450,680505,704896,726798,747539,768761,792137,817959,842002,865842,891358,920427,951724,982575,1013213,1043330,1073017,1107596,1137511,1164612,1191483,1220561,1252442,1282976,1313180,1344012,1376560,1413739,1450034,1485992,1522009,1558812,1600013,1636908,1671053,1704452,1739041,1775419,1809155,1841613,1874203,1908329,1944656,1980603,2016590,2052830,2089851,2131068,2169163,2205286,2240977,2277731,2317986,2355590,2391543,2426815,2462483,2501103,2537097,2571293,2604552,2637825,2673996,2707280,2738626,2769131,2799904,2833618,2865170,2895285,2924672,2954173,2987139,3017536,3046228,3074286,3102783,3134895,3165013,3193609,3220961,3247598,3277910,3304275,3327901,3350421,3373254,3398643,3422921,3446198,3468151,3488821,3513037,3533344,3550673,3566317,3581428,3599018,3614289,3627977,3640864,3653725,3669382,3684252,3698258,3711077,3722699,3738246,3749832,3758378,3765204,3771435,3779873,3786227,3790838,3793822,3795459,3799122,3800329,3799611,3797639,3794867
bfa,Burkina Faso,691602,702267,709408,714901,721915,733588,752438,767002,779340,791431,805707,828015,842587,853120,864300,880636,903052,923756,944198,964847,986983,1016586,1038050,1055369,1074239,1099902,1133211,1166646,1201474,1238094,1278246,1328941,1369705,1404523,1438367,1476004,1519171,1555699,1589262,1623686,1662881,1707971,1751325,1794843,1840415,1890759,1952710,2008093,2060346,2113613,2172255,2241337,2302794,2360635,2419905,2486278,2564716,2637100,2706111,2773741,2842946,2920986,2986467,3044475,3101116,3161236,3220629,3281695,3344616,3408261,3472482,3542122,3607403,3670253,3733855,3801123,3874951,3946539,4017064,4087324,4158616,4236338,4308246,4376156,4442294,4508831,4579067,4644829,4707277,4767356,4826206,4887773,4944434,4997498,5048621,5099344,5152872,5203880,5252651,5299012,5343246,5391756,5433983,5472011,5508959,5547374,5589031,5631497,5674323,5716166,5756456,5803351,5844360,5880584,5913706,5945260,5980726,6010562,6036323,6059842,6082669,6107494,6131713,6154644,6174749,6191199,6212291,6226201,6234754,6241019,6247350,6256260,6265237,6273753,6280287,6284055,6293184,6296798,6296098,6293161,6289664,6289846,6288053,6284421,6278676,6270854,6267103,6259391,6248386,6235201,6220779
bgd,Bangladesh,6237852,6380465,6458759,6541754,6675926,6885429,7122947,7417586,7749738,8095999,8444969,8878080,9211327,9483469,9758577,10089632,10451908,10835014,11218680,11540948,11750856,11984536,12066656,12051809,12057328,12199855,12442146,12739599,13094757,13468929,13833406,14261294,14564416,14779545,14965632,15174283,15384621,15553774,15692716,15801691,15889547,15998584,16042636,16047015,16047944,16075268,16113488,16160170,16211608,16254467,16282150,16368469,16391130,16357212,16275278,16156707,16077841,15911480,15693223,15472497,15287419,15076216,14934827,14844468,14770880,14693140,14669081,14606862,14516613,14418746,14328179,14254721,14159098,14046749,13919499,13781535,13642020,13484766,13315165,13140784,12967341,12790459,12625107,12467092,12309781,12149607,12011220,11862135,11706290,11551474,11404433,11278986,11152761,11027604,10904672,10786194,10689955,10590683,10488535,10383320,10276167,10187947,10085679,9973957,9859236,9746705,9642267,9539818,9438793,9337330,9234868,9146634,9055161,8960996,8865900,8771927,8694599,8612599,8527508,8441727,8357943,8289286,8218578,8146229,8072271,7997500,7937817,7871550,7800499,7727583,7655499,7595948,7534945,7472190,7406865,7339196,7285810,7225621,7160246,7092710,7025819,6971145,6915362,6858366,6799621,6739193,6693459,6642296,6586202,6527383,6469060
bgr,Bulgaria,733000,743818,735454,723082,711723,702393,679739,669875,667457,666769,663545,662947,659239,653134,647556,644213,643371,642996,643288,644365,647043,655210,662322,668606,674062,678670,685308,688703,688956,685852,679652,672882,659000,640913,623146,608393,587508,578973,577185,572570,558322,548908,523889,488067,450962,419963,386918,361500,343673,331042,321618,313377,312508,316562,323271,331379,349139,361280,368792,372831,374746,378364,372137,360127,347561,337830,319643,312631,313038,314543,312730,313766,310384,303615,296553,291348,286971,283125,280031,277164,274288,271691,269253,266966,264963,263337,262146,261178,260388,259704,259102,258889,258327,257503,256513,255440,254289,252807,251060,249095,246965,244551,242048,239466,236825,234146,231427,228807,226261,223774,221355,219247,217119,215002,212967,211087,209551,207976,206414,204919,203547,202418,201256,200072,198870,197658,196607,195370,193992,192545,191107,189684,188223,186731,185172,183527,182001,180325,178519,176640,174749,173110,171439,169732,167993,166235,164881,163401,161844,160290,158837
bhr,Bahrain,20238,20297,20325,20541,21130,22131,22949,24120,25433,26648,27673,29816,30850,31143,31254,31609,31738,32368,33359,34439,35519,36536,37094,37519,38336,39910,40774,42676,45283,47905,49897,51977,53793,55303,56761,58468,60604,62518,64219,65452,65925,66188,65259,63432,61663,61290,63235,65177,67693,70782,74016,73468,74135,75797,78289,81249,81031,83190,86499,89573,91447,95452,98620,101152,103556,106231,107217,107840,108136,108250,108054,106099,106520,108360,110180,111067,112910,113399,112838,112073,111683,111473,111622,112004,112163,111802,111597,110720,109340,107839,106440,104717,103445,102506,101665,100757,100012,99319,98662,98079,97604,97412,97215,97038,96890,96785,96839,96878,96900,96880,96804,96766,96654,96474,96246,95962,95629,95334,95044,94716,94313,93924,93529,93114,92686,92239,91855,91521,91215,90920,90620,90440,90294,90168,90047,89912,89910,89909,89893,89852,89781,89797,89809,89811,89788,89721,89685,89670,89660,89631,89539
bhs,Bahamas,12060,12200,12235,12471,12934,13588,14123,14813,15596,16476,17483,18558,19747,20942,21967,22672,23198,23397,23368,23311,23269,22448,22757,23754,24748,25247,25736,25683,25291,25043,25225,24920,25780,27332,28771,29553,30704,30612,29692,28768,28430,27697,28085,29199,30230,30606,31408,31076,29937,28744,28150,27647,27683,28247,29021,29658,29760,30269,30890,31286,31159,30766,29823,28516,27296,26495,25441,25367,25964,26661,27064,27951,28151,27867,27512,27374,27108,27086,27249,27411,27436,27408,27328,27187,27026,26868,26670,26512,26386,26265,26141,26016,25925,25850,25777,25685,25618,25532,25426,25311,25191,25051,24924,24813,24708,24606,24480,24407,24368,24339,24303,24274,24249,24220,24193,24159,24115,24084,24056,24027,23982,23918,23870,23830,23785,23724,23647,23578,23514,23456,23395,23319,23272,23246,23220,23180,23135,23094,23054,23016,22973,22915,22882,22865,22851,22823,22784,22758,22741,22727,22703
bih,Bosnia and Herzegovina,384499,413034,421761,424926,426335,428369,423859,424246,427681,432433,436991,440359,446756,453701,458482,459265,464327,458893,446813,434308,425796,413304,409384,411182,413060,411268,412419,406755,396614,386792,380569,372727,369724,370153,371028,370420,373343,373789,370828,363099,348918,332493,312842,291667,272847,260039,245798,239278,238335,238120,234469,229992,218292,202139,187130,177159,165010,162907,167256,171881,173220,182512,182991,177787,171662,166843,154081,146179,141506,137597,133254,129053,126027,123727,121936,120338,120427,119195,117188,115218,113919,112835,112251,112090,112009,111779,111664,111394,110956,110436,109876,109265,108602,107857,106960,105855,104608,103173,101595,99941,98248,96367,94635,93026,91529,90123,88809,87738,86857,86095,85401,85058,84635,84172,83743,83414,83279,83151,83028,82874,82657,82522,82280,81931,81491,80970,80412,79811,79165,78452,77648,76819,75985,75134,74255,73345,72522,71751,71006,70289,69607,69084,68614,68209,67851,67508,67351,67193,66986,66705,66381
blr,Belarus,659156,711244,735328,752896,775606,810806,840636,876603,913057,941994,958022,968678,959101,934375,903783,873541,826325,788315,758898,736512,719736,702908,704659,717950,732594,741108,762670,763852,751628,739443,737937,737319,748443,767993,787308,800298,816995,823351,819588,807068,786697,761149,723858,679622,635024,594169,540222,505878,485672,471223,456814,452996,448112,443066,441358,445676,458729,470777,482979,496064,511210,531115,548191,562183,572032,577754,580730,575364,565690,556401,548121,519516,510846,513823,516870,512412,513200,503274,485768,467953,454755,440710,432111,428239,426284,424489,425193,426455,428133,430768,434724,441321,447420,453140,458419,463275,468320,471779,473932,474991,475015,473004,470560,467552,463769,458989,452435,446165,440033,433940,427740,421296,415659,410659,406224,402331,399570,397403,395834,394888,394595,395645,396882,398286,399804,401411,403664,405444,406817,407832,408500,408668,408521,408031,407066,405453,403035,400461,397648,394566,391146,387447,384116,380983,377860,374564,371954,369408,366927,364700,363058
blz,Belize,10858,12074,13483,14737,15722,16428,17220,17593,17689,17689,17826,18340,18603,18786,19010,19342,19595,20042,20616,21194,21666,22293,22868,23357,23735,23992,24277,24268,24125,24122,24468,24724,25480,26587,27711,28612,29711,30264,30404,30383,30398,30388,30406,30505,30801,31514,32745,33956,35183,36325,37201,37708,38055,38225,38270,38249,37919,37751,37724,37786,37828,37507,37616,37966,38336,38586,39095,39307,39320,39323,39446,39549,39803,40150,40462,40636,40821,40833,40704,40519,40336,40045,39841,39692,39542,39335,39123,38913,38693,38468,38243,38053,37865,37677,37486,37290,37127,36960,36795,36626,36453,36300,36157,36011,35861,35692,35540,35379,35203,35024,34839,34656,34492,34333,34167,33983,33817,33649,33473,33291,33108,32937,32783,32637,32487,32325,32192,32063,31932,31798,31657,31540,31433,31328,31218,31099,31000,30908,30816,30716,30599,30502,30404,30303,30191,30063,29947,29840,29735,29620,29488
bol,Bolivia,496236,507128,516058,524103,532423,542318,554861,564535,572795,581382,592136,606847,619195,630444,641838,654884,672466,686190,697844,709671,723990,742686,758799,773672,788538,804810,825396,842273,856633,869731,883194,901192,913584,922921,932612,945721,961801,978573,996065,1013338,1030271,1052057,1066860,1077024,1086076,1097103,1110135,1121847,1132938,1143421,1153640,1165984,1175489,1182636,1187942,1192173,1197731,1198440,1196198,1193598,1192606,1190291,1191066,1193839,1196227,1196639,1198939,1196691,1191638,1187090,1185499,1184402,1187310,1192967,1198695,1202814,1210606,1213467,1212706,1210723,1209305,1207841,1206125,1204347,1202188,1199509,1196938,1194366,1191550,1188230,1184273,1181632,1177326,1171854,1166025,1160473,1155749,1151158,1146617,1141784,1136506,1132692,1127667,1121842,1115935,1110491,1106119,1102180,1098430,1094319,1089521,1086324,1081439,1075318,1068700,1062128,1056091,1050158,1044242,1038052,1031401,1025703,1019533,1012943,1006089,999093,993155,986924,980496,973992,967517,962162,956903,951620,946099,940214,935650,930298,924372,918236,912130,906822,901753,896764,891569,885914,881403,876317,870602,864453,858162
bra,Brazil,8983598,9443394,9815019,10157097,10479771,10799322,11149045,11457161,11742664,12034190,12357416,12690234,13052656,13423392,13762468,14046521,14377234,14555512,14627503,14665453,14726497,14755273,14814487,14914395,15057052,15246201,15475710,15772557,16113886,16471396,16829146,17299745,17666768,17940535,18130476,18249974,18363297,18306709,18140565,17947734,17786870,17509239,17382657,17365021,17384448,17389023,17456822,17506465,17522393,17495772,17423695,17411718,17238868,16957671,16639022,16335226,15954056,15642560,15392989,15182479,14994049,14818619,14721699,14675481,14650497,14627451,14700497,14704398,14654251,14571950,14475093,14384846,14235073,14048403,13849643,13655339,13409194,13224150,13079921,12944950,12796400,12670753,12537915,12397078,12255297,12117767,12010744,11887408,11755699,11624613,11501387,11388161,11286130,11193255,11104497,11016372,10944603,10873720,10802136,10728608,10652179,10591211,10520417,10442061,10359320,10274291,10194371,10115031,10035584,9954340,9869659,9793182,9718918,9644661,9567919,9486841,9419831,9347885,9272183,9195554,9119947,9056106,8997181,8941030,8883709,8822248,8775808,8724112,8668239,8610380,8551465,8503417,8457439,8411303,8361758,8306684,8263851,8216460,8164808,8110466,8054282,8007075,7962088,7917673,7870990,7819191,7779212,7735638,7687085,7633786,7577170
brb,Barbados,26000,27481,28537,29522,30364,30899,31180,31577,31919,32165,32392,33012,33281,33262,32985,32484,31820,30586,29045,27529,26243,24394,23353,22808,22371,21965,22919,22955,22523,22139,21973,20786,20542,20844,21146,21177,21681,21645,21236,20794,20524,20150,19944,19859,19774,19626,19525,19330,19085,18874,18703,18279,18129,18142,18174,18148,18203,18157,18036,17867,17624,17105,16653,16239,15862,15538,15240,15113,15101,15123,15120,15281,15287,15192,15087,15033,14979,14966,14983,14994,14975,14952,14913,14851,14767,14670,14571,14457,14322,14176,14017,13857,13695,13533,13373,13212,13066,12932,12810,12696,12591,12518,12452,12388,12332,12282,12267,12245,12215,12185,12147,12127,12093,12046,11984,11917,11850,11777,11698,11611,11517,11424,11335,11242,11145,11040,10956,10868,10778,10689,10600,10533,10464,10393,10323,10254,10209,10165,10120,10074,10024,9999,9961,9917,9866,9812,9767,9718,9664,9605,9526
brn,Brunei,6672,7588,9002,10392,11591,12616,14070,14890,15338,15675,16103,16234,16687,17379,18092,18678,19151,19500,19798,20211,20840,21387,22370,23617,24841,25826,27062,27783,28121,28350,28695,29064,29577,30225,30890,31481,31812,32257,32777,33384,34070,34603,35382,36295,37072,37463,37571,37217,36472,35590,34874,34474,34071,33725,33372,32946,32575,32085,31597,31337,31427,31375,32126,33300,34303,34749,35718,35336,34053,32650,31672,30088,29468,29535,29694,29540,29603,29316,28756,28165,27713,27338,27004,26729,26472,26214,25993,25798,25626,25468,25329,25251,25175,25093,25002,24899,24841,24740,24605,24441,24251,24055,23835,23592,23339,23080,22803,22556,22326,22102,21868,21668,21464,21262,21063,20878,20728,20585,20448,20315,20192,20100,20010,19921,19835,19746,19680,19608,19527,19435,19332,19238,19128,19007,18873,18729,18588,18446,18306,18157,17996,17855,17710,17567,17427,17282,17166,17057,16953,16851,16758
btn,Bhutan,31785,32152,31798,31451,31494,32041,32417,33504,35003,36586,38049,40110,41421,42266,43150,44501,45973,47656,49553,51514,53473,55690,57566,59223,60867,62680,64729,66634,68435,70150,71826,73877,75476,76845,78332,80221,82487,84935,87221,88680,88787,89327,88347,86360,84344,83192,81568,80248,79284,78478,77637,76362,75147,73945,72726,71489,70643,69743,68817,67883,66957,66128,65013,63801,62820,62309,61780,62061,62840,63560,63855,64673,64391,63336,62088,61057,59621,58627,57954,57286,56408,55518,54537,53463,52391,51368,50462,49556,48677,47850,47099,46484,45929,45427,44971,44549,44301,43999,43659,43307,42956,42697,42363,41977,41550,41091,40643,40157,39634,39084,38508,37946,37387,36823,36251,35679,35167,34646,34124,33609,33114,32712,32311,31920,31539,31173,30905,30620,30322,30021,29724,29496,29239,28958,28656,28337,28060,27750,27412,27052,26682,26338,25990,25631,25260,24876,24541,24190,23823,23455,23105
bwa,Botswana,62232,66436,72597,78243,82592,85775,91156,93485,94127,94507,95777,96198,97935,100749,103795,106470,109295,111675,113844,116351,119648,123119,126680,130556,135016,140345,146396,152845,159605,166391,172850,178999,184938,190528,195663,200348,204373,206778,207952,208605,209341,210041,211696,213962,215947,216988,218624,218622,217564,216700,216961,217753,220454,224604,229231,233746,239939,244542,247885,250648,253287,256408,259459,262501,265451,268441,270594,271747,272144,272101,271775,270241,268953,267904,266995,266160,265352,265251,265618,266195,266806,268408,269478,270190,270845,271684,272940,274026,274970,275704,276191,276708,276872,276722,276329,275718,274927,274059,273110,272070,270933,269797,268774,267796,266787,265694,264908,263977,262953,261936,260991,260306,259693,259133,258564,257944,257584,257099,256501,255797,255004,254287,253422,252452,251422,250359,249242,248243,247308,246346,245285,244326,243304,242226,241118,240003,238987,238001,237039,236084,235122,234279,233477,232698,231919,231117,230448,229757,229024,228236,227412
caf,Central African Republic,189627,194625,199837,204407,208673,213497,221330,226376,229999,233582,238389,244152,249081,253815,258827,264715,272190,278683,284499,289857,295144,303094,308731,313169,317872,324262,331358,337946,345012,353716,365033,377527,391867,407131,421511,433731,449921,461197,469335,477266,487553,496978,506692,517121,528307,540298,553963,568496,583515,598422,612987,632289,647725,660313,671727,683447,699110,712350,722856,729520,731905,739164,739462,735516,731439,730995,728606,727025,727432,730857,738242,745741,756428,769647,784075,799075,818279,832562,843374,852943,863148,873784,882431,889666,895619,900566,904858,907634,909226,910075,910611,911409,911377,910821,910124,909727,910881,911252,911135,910837,910768,912752,913159,912565,911666,911144,912078,912093,911523,910646,909805,910339,909802,908472,906634,904622,903905,901856,898854,895338,891735,889210,885834,881855,877506,873063,869889,865886,861311,856460,851654,848201,843988,839313,834532,829997,826754,823099,819161,815008,810790,807851,803877,799192,794246,789488,785441,781054,776567,772018,767302
can,Canada,1636000,1699002,1744876,1799644,1866022,1937649,1986093,2050888,2117913,2175642,2216274,2255691,2279367,2285235,2272620,2241518,2194407,2119673,2029596,1943912,1876095,1785323,1748976,1750503,1761817,1763193,1794125,1801954,1793259,1783648,1783891,1789675,1797933,1809738,1823127,1838462,1854631,1869837,1885268,1902184,1919309,1928839,1948053,1969464,1981124,1974962,1969860,1935666,1882687,1828765,1786212,1727707,1697866,1691174,1697603,1710664,1737369,1774096,1815444,1854589,1886309,1928448,1944828,1945045,1943025,1946420,1923323,1929522,1954329,1979857,1993132,2005217,2009641,2007578,2004973,2004596,1997110,1998512,2006182,2014697,2019527,2020662,2023991,2028536,2034032,2039199,2040275,2047616,2059217,2072158,2083430,2091868,2104443,2119577,2135516,2149936,2160878,2176037,2193427,2210346,2223919,2232863,2243976,2256147,2268180,2278071,2281402,2290745,2303739,2317140,2327502,2333755,2343996,2356174,2368219,2377748,2384014,2393929,2406015,2418401,2428651,2435514,2447309,2461970,2476910,2489232,2499045,2512847,2528769,2544443,2557017,2567032,2580413,2595306,2609625,2620861,2628753,2640992,2655693,2670306,2681701,2690239,2703290,2718427,2732882,2743586,2752516,2764554,2777523,2789116,2796968
che,Switzerland,421699,418312,411879,409067,409922,411626,403967,406350,414662,425918,438508,456176,471882,485280,496316,504802,516911,521125,519037,512803,504541,495016,482792,468767,453106,435304,412352,392923,376418,363251,354568,351538,352523,356772,362303,367359,376423,379432,378861,379041,383392,386963,395818,407971,418606,423550,426368,423893,416963,408319,400114,389133,379969,372775,367589,364778,363324,365154,369674,375908,383148,394246,403613,411755,419281,426325,432482,438634,444357,448926,451829,453453,454503,454972,454975,454341,451407,450104,449743,449334,447986,445952,444230,442653,441231,439809,438045,437330,437421,437946,438512,439072,440614,442842,445410,447911,450547,453789,457331,460804,463804,466556,469492,472416,475053,477022,478073,479585,481241,482597,483130,482638,482643,482871,483036,482736,481730,481768,482395,483062,483249,483443,484199,485261,486390,487258,488092,489680,491747,493883,495587,497214,499485,502028,504437,506248,507884,509997,512263,514272,515533,516449,517827,519325,520532,520986,521103,521825,522817,523644,523750
chl,Chile,953898,987498,1026801,1064247,1096709,1124906,1161396,1183100,1196158,1207398,1221902,1231872,1248399,1268672,1286551,1298077,1313034,1316827,1312531,1305873,1301128,1293503,1288073,1284974,1283167,1282037,1281633,1283645,1287065,1290524,1293273,1299814,1301287,1300824,1303697,1313666,1322604,1341972,1368117,1394715,1417470,1445246,1462056,1468905,1467634,1459639,1446074,1421186,1389133,1355302,1323269,1279623,1250460,1232375,1220303,1210670,1208005,1209337,1213015,1218119,1224229,1239892,1246899,1247696,1245002,1241297,1234806,1221136,1202880,1182968,1162223,1133473,1120107,1115963,1112117,1103050,1102159,1090045,1070660,1051950,1039413,1024568,1016601,1013970,1012119,1007824,1005195,999977,992782,985629,979724,974072,970724,968917,967156,964360,962917,960461,956978,952706,947708,942999,937505,931331,924532,917075,909172,901870,894916,887981,880727,874093,868219,862780,857463,852008,848138,844265,840338,836357,832296,829564,826877,824148,821205,817853,815462,812991,810334,807428,804166,801553,799260,797000,794316,790787,787990,784700,780922,776733,772054,767816,764029,760380,756461,751975,748504,745168,741895,738772,735893
chn,China,76507914,84563245,93412158,100066110,103393652,104036322,107199462,105600908,101814492,98482365,97302318,93588191,95314668,100961810,107733071,113776916,122132984,127869390,131381261,133719718,135731609,137993506,137774475,135767745,132478344,128344318,122140275,115985658,110225079,105337628,101594519,97160095,95948127,97244411,100283695,104540964,111670538,119337771,126508813,131415781,132966782,135940179,130485494,119699330,108543985,100534920,87267767,83038377,85061969,88138012,88692597,92185430,91696558,88294217,84782785,83125614,81929946,81825252,82746941,83852351,84639255,85667547,86363667,86717349,86882435,86938274,86896367,86536780,85911673,85041034,83932437,82445544,80910028,79350278,77819366,76341609,74714500,73505979,72590261,71802305,71032779,70661226,70174565,69617057,69086352,68661008,68504313,68263297,67987208,67713310,67474085,67298728,67155526,67019601,66839267,66577526,66347684,66001726,65567542,65095212,64613193,64090564,63626604,63193509,62748486,62264726,61825869,61365448,60888594,60413035,59949768,59536906,59133798,58743657,58365534,57997493,57694276,57403074,57116740,56825230,56522224,56304802,56055811,55776582,55477930,55172798,54925049,54668347,54399347,54111288,53799802,53511483,53200097,52878174,52548462,52197016,51874198,51559165,51228378,50872282,50498923,50196896,49885605,49570545,49252556,48926583,48684543,48428271,48150797,47856055,47559221
civ,Cote d'Ivoire,453037,469492,496103,522830,547439,571535,607829,628573,641373,654458,675103,695973,720222,748335,778109,808592,843218,873900,903776,937726,979863,1023172,1069954,1120950,1176287,1236418,1302611,1368796,1434970,1500409,1565063,1634525,1693885,1746435,1796832,1848806,1901460,1955937,2012839,2071682,2132365,2197942,2262097,2325513,2389654,2455688,2536229,2613511,2686590,2753590,2814195,2896188,2961550,3014943,3062575,3110463,3160547,3201357,3238942,3281359,3335502,3390280,3458278,3537013,3620841,3706489,3806330,3893863,3973022,4050287,4131200,4217260,4296956,4373150,4448047,4523898,4600539,4676167,4750954,4824514,4897039,4974440,5045760,5113050,5179399,5247575,5321164,5392402,5462276,5531354,5600718,5677457,5748530,5815761,5881499,5948065,6021340,6089837,6155056,6218443,6281670,6351506,6415917,6476376,6534503,6592048,6656150,6714545,6768782,6820569,6871716,6929504,6981979,7030570,7076804,7122354,7175041,7222344,7265737,7306875,7347513,7395563,7438427,7477420,7513974,7549677,7592838,7630280,7663217,7692838,7720533,7754826,7782117,7804143,7822928,7840379,7862869,7880865,7895496,7907947,7919499,7937022,7950617,7961032,7969007,7975281,7988504,7995278,7996273,7992971,7987867
cmr,Cameroon,672127,691670,708024,722024,734817,748687,768778,783496,796171,810480,829683,852935,877880,904950,933622,964151,1001659,1033911,1063385,1093574,1127765,1167266,1204854,1242470,1281844,1324982,1373582,1420646,1468155,1518674,1574603,1637243,1700498,1764583,1829094,1894429,1966961,2030695,2087950,2141623,2194375,2249394,2298230,2342861,2384847,2426031,2470443,2510417,2549514,2593544,2648084,2715567,2789252,2868689,2951589,3037409,3140007,3228443,3307310,3383171,3462007,3545138,3620128,3689871,3756345,3821982,3887247,3946819,4003013,4058540,4115703,4174399,4233256,4292705,4352897,4414597,4484252,4549148,4610926,4671775,4734046,4803927,4867219,4926436,4984469,5044073,5108633,5170232,5229854,5288045,5345780,5409279,5467040,5520786,5572865,5625462,5683391,5737822,5789354,5838010,5884362,5936550,5980728,6019400,6056131,6093890,6135605,6176924,6217790,6257219,6294987,6340137,6379041,6413314,6445443,6477601,6515536,6549755,6581210,6610599,6638833,6672351,6701734,6727666,6750812,6771972,6797910,6818579,6835154,6849021,6861466,6877620,6890526,6901040,6910251,6919197,6933001,6945802,6956860,6964500,6967881,6977528,6977819,6971368,6962220,6954340,6947121,6943269,6944579,6949381,6953197
cod,"Congo, Dem. Rep.",2170172,2211981,2234366,2255912,2287931,2337220,2393037,2455968,2524733,2598210,2677841,2780635,2863297,2934944,3009085,3098385,3205840,3305704,3403069,3500699,3602688,3722950,3827652,3924732,4025062,4139706,4276521,4405637,4531285,4655317,4780693,4930581,5063046,5187085,5315370,5462919,5635156,5787565,5939705,6118831,6350660,6615161,6897822,7190223,7463108,7688980,7939342,8131597,8286347,8448995,8666362,8933779,9214698,9519074,9848156,10206249,10611949,10993051,11362832,11737755,12134254,12566645,12970250,13355337,13730696,14107673,14504156,14858193,15184995,15502762,15827439,16159530,16483743,16805271,17127686,17457214,17819205,18160540,18489600,18818037,19158415,19539066,19890529,20222233,20543575,20865748,21218619,21529971,21812399,22080609,22348893,22634400,22893556,23132795,23356610,23571607,23807075,24005514,24178088,24339629,24503817,24689067,24858090,25015807,25165414,25312368,25491998,25641848,25770247,25887754,26004954,26151891,26272101,26373511,26464432,26553565,26668879,26762721,26839879,26904491,26961832,27045274,27100047,27133113,27153283,27168959,27207382,27226846,27230035,27217522,27191841,27191335,27158289,27102233,27036796,26973259,26929690,26884894,26838332,26785958,26726762,26702215,26653833,26587730,26513643,26440519,26394576,26335254,26265404,26184720,26093611
cog,"Congo, Rep.",131504,135443,139135,142608,146074,149916,154845,159011,162913,167079,171977,177510,183188,189147,195417,202106,209704,216875,223889,231113,238897,247484,255802,264032,272360,280986,290439,299533,308291,316632,324605,332972,339667,345318,350822,356885,362717,369595,377393,385673,394150,403314,412357,421586,431566,442726,454737,467688,481490,495858,510750,527304,542814,558227,575136,594828,615513,638124,661520,683562,702728,725637,743283,756907,768493,779694,789040,797165,804862,812951,821959,829306,840371,854156,869122,884212,902374,919163,935049,951099,968197,987449,1005989,1024100,1041813,1059268,1077507,1094646,1110940,1126717,1142228,1157867,1173244,1188299,1202846,1216787,1231315,1244909,1257779,1270271,1282674,1295754,1308577,1321200,1333616,1345878,1359195,1371898,1384187,1396383,1408768,1422242,1435561,1448634,1461186,1473087,1486110,1497402,1507522,1517395,1527689,1538320,1549802,1561654,1572932,1583026,1594559,1603725,1611100,1617727,1624363,1631260,1638259,1645242,1651811,1657730,1664639,1670758,1676129,1680893,1685190,1690574,1694953,1698541,1701613,1704505,1708073,1711404,1714771,1718182,1721348
col,Colombia,2113246,2194715,2284277,2380041,2478624,2578907,2688817,2785931,2875096,2963960,3059522,3157919,3257745,3355266,3442510,3515075,3590072,3633327,3651603,3654022,3647184,3621873,3589053,3556437,3536865,3541217,3550713,3605933,3691602,3780950,3854557,3958264,4009478,4023527,4028566,4046666,4056290,4077663,4111438,4152114,4195404,4238069,4295658,4357444,4408736,4440145,4486428,4480943,4440226,4391889,4355540,4296320,4269504,4262144,4247488,4207203,4173212,4101827,4005701,3910532,3834004,3743910,3691863,3670893,3666837,3670886,3693906,3715457,3729917,3730221,3710699,3711612,3671694,3605176,3533793,3473906,3395165,3344533,3314101,3288263,3255369,3226153,3193046,3155975,3118808,3084220,3057277,3027654,2996984,2966520,2937387,2911088,2886613,2863602,2841246,2818951,2800049,2781649,2763152,2743750,2722798,2705089,2684424,2661607,2638080,2614780,2592172,2572057,2553356,2534097,2512774,2494672,2474654,2453055,2430943,2408958,2389665,2371856,2354824,2337415,2318860,2304318,2288877,2272642,2256027,2239152,2225692,2212842,2200012,2186258,2170846,2159056,2145847,2131287,2115809,2099602,2085704,2072757,2060137,2046777,2031717,2019813,2007301,1993876,1979525,1964219,1951839,1939858,1927930,1915427,1901694
com,Comoros,22842,23975,25415,26770,27958,29050,30685,31753,32474,33072,33737,34412,35017,35622,36250,36953,37736,38456,39156,39869,40636,41523,42242,42958,43932,45418,47184,49105,51195,53341,55421,57762,59975,62051,64041,66053,68409,70347,72000,73539,75108,76631,77983,79242,80485,81761,83015,84385,85836,87303,88752,90461,92007,93465,94981,96693,98686,100639,102605,104631,106769,109158,111401,113510,115462,117259,119141,120517,121555,122492,123508,124365,125414,126608,127810,128940,130249,131366,132352,133331,134400,135662,136862,138033,139184,140340,141678,142873,143964,145014,146073,147248,148329,149331,150264,151146,152127,152950,153647,154255,154804,155415,155892,156279,156627,156984,157418,157865,158308,158695,159001,159483,159741,159852,159925,160051,160256,160508,160781,160999,161119,161395,161446,161328,161126,160905,160721,160486,160212,159902,159553,159271,158962,158618,158220,157762,157420,156940,156356,155729,155106,154542,153971,153399,152800,152160,151621,151006,150322,149606,148910
cpv,Cape Verde,19322,23715,29558,34417,37321,38409,41193,41021,39309,37613,37198,35961,36723,39030,41700,43890,46730,48431,49149,49286,48954,48008,47306,46767,46323,46115,46514,46848,47271,47985,49149,50601,52084,53597,55069,56484,58144,59387,60369,61334,62500,63383,64067,64540,64682,64453,64029,62929,61440,59950,58673,56726,55839,55624,55484,55044,55322,54740,53596,52529,52056,52054,52359,52917,53425,53685,54210,54040,53375,52579,51932,51132,50547,50121,49683,49144,48757,48175,47458,46740,46137,45697,45262,44850,44451,44081,43914,43644,43313,42971,42669,42490,42255,41983,41692,41398,41176,40900,40588,40255,39920,39630,39320,38992,38649,38303,38018,37705,37369,37023,36674,36400,36088,35756,35422,35108,34866,34624,34381,34130,33873,33702,33469,33195,32914,32650,32430,32206,31982,31750,31513,31326,31106,30859,30602,30354,30148,29926,29691,29449,29207,29021,28816,28589,28356,28126,27966,27781,27579,27368,27165
cri,Costa Rica,171349,175784,177185,180315,186525,195415,201920,212760,225629,238600,250662,265559,276242,283362,288251,292018,294833,294841,292978,290063,286736,280802,276519,274083,273876,276109,279495,287459,298533,310555,322127,338164,349396,357368,364746,373526,381619,390957,400917,409728,416160,420846,422132,420777,418359,415910,410887,407453,404776,401199,395601,390831,383605,374954,366887,360809,355020,352692,352888,353850,354447,358015,359425,359186,358329,357625,357374,356003,353875,351168,348002,343783,339858,336054,332097,327764,323234,318849,314582,310534,306785,303657,300967,298586,296288,293959,292672,290740,288400,286017,283861,282031,280400,278925,277444,275837,274589,273254,271781,270164,268388,266921,265220,263335,261309,259171,257184,255230,253269,251257,249139,247356,245606,243853,242066,240234,238919,237575,236177,234718,233205,232205,231109,229941,228708,227408,226525,225628,224670,223581,222302,221414,220359,219156,217844,216431,215316,214294,213269,212112,210732,209784,208665,207385,205995,204537,203429,202398,201421,200421,199309
cub,Cuba,775996,790826,821703,858660,884272,891514,911666,902602,880713,870493,890093,900836,970577,1075317,1173295,1236675,1322905,1333587,1291783,1240531,1211181,1150413,1138106,1157102,1169049,1147032,1127056,1061279,965289,873607,810308,730988,708686,728072,760162,786392,843972,878648,893856,898362,898651,903381,881220,844155,807301,781125,732358,721316,734542,749487,750473,762763,752063,724748,695129,672612,643806,625507,616391,611890,609309,608827,614672,623254,629773,630664,637246,628005,608413,587420,571283,547649,535985,532728,530807,525397,523220,516951,507522,498075,490742,484966,479890,475646,471604,467455,464338,460918,457219,453368,449450,446213,442585,438640,434475,430187,426235,422301,418331,414202,409808,406017,401996,397716,393292,388858,384900,380975,377167,373449,369718,366561,363510,360444,357297,354085,351639,349047,346363,343599,340704,338588,336356,333845,331035,328074,325855,323377,320733,317975,315081,312622,310053,307416,304699,301825,299572,297343,294976,292393,289633,287671,285483,283141,280708,278205,276374,274512,272572,270495,268263
cyp,Cyprus,66660,67614,65770,64082,63722,64946,64820,67165,70687,73851,75332,76505,75982,73948,71372,69265,68114,65915,63202,60616,58962,58570,58342,58532,59012,59414,59052,59135,59374,59602,59856,61380,62292,62820,63357,64417,66595,67775,68498,69226,70178,70019,70466,71189,71700,71770,72071,71565,70527,69314,68059,65882,64187,62917,62012,61433,60595,60892,61964,63197,64003,64767,65310,65606,65792,65921,65569,65467,65481,65348,64817,63718,62564,61368,60226,59161,57662,56816,56420,56200,55937,55884,55819,55750,55741,55829,56054,56291,56540,56773,56959,57081,57197,57295,57348,57315,57128,56993,56878,56732,56497,56142,55845,55583,55320,55019,54663,54400,54209,54051,53893,53744,53700,53730,53800,53871,53988,54179,54410,54640,54816,55014,55205,55386,55536,55631,55658,55741,55850,55927,55920,55852,55828,55822,55802,55717,55593,55548,55544,55546,55508,55470,55517,55615,55725,55794,55895,56054,56236,56408,56543
cze,Czech Republic,892185,897833,896053,891750,881796,862378,828801,798735,771251,747222,726946,704579,695126,693835,693687,689809,697845,692736,681157,675403,684470,694848,725177,768517,811872,846493,891809,915568,920879,913013,895696,867455,824518,774512,728269,692812,639137,623217,631839,644561,647479,669575,667261,646537,619204,593687,565012,531029,496997,467958,447406,417638,413686,427587,448159,468140,503074,528728,546542,559425,568887,578767,576188,566273,555996,550261,533172,533428,544529,555583,558810,566254,561681,548412,533885,523094,508950,501055,498026,496066,492612,490303,487651,484761,482825,482581,483789,486512,490462,494907,499348,504907,509784,514034,517769,520977,523478,525416,526797,527550,527506,525935,524874,523912,522534,520268,517393,514646,511878,509026,505954,502877,500430,498450,496773,495235,494146,493854,494175,494870,495682,497066,498862,500895,502933,504705,506742,508746,510529,511948,512858,513439,514118,514729,514999,514595,513686,512960,512217,511241,509749,508146,506984,505983,504864,503389,502387,501724,501290,501041,500915
deu,Germany,4598771,4766831,4937859,5078917,5181573,5276148,5502865,5608397,5654595,5703292,5797089,5838277,5962828,6135505,6290033,6381325,6493846,6506338,6427816,6277354,6068981,5806894,5460263,5076032,4720878,4433954,4039196,3884487,3891514,3941878,3958535,4122927,4165832,4126342,4086344,4107323,4160800,4216571,4280213,4329397,4348838,4334670,4283986,4209787,4136487,4073554,3942243,3904150,3920996,3937116,3915890,3931912,3881028,3783167,3679491,3597654,3500831,3441447,3414212,3400946,3390201,3393636,3396630,3402917,3429267,3492966,3603889,3731627,3868886,3987442,4058679,4111540,4104841,4051874,3985886,3933376,3848193,3814939,3817484,3824668,3813405,3808700,3788096,3754695,3720302,3692020,3665517,3644946,3629578,3615490,3600087,3587379,3578200,3571645,3567586,3565397,3567151,3574640,3586011,3598687,3610246,3626173,3642062,3656541,3667859,3674220,3679321,3680314,3677668,3672100,3663142,3646780,3635819,3627624,3618315,3604290,3589313,3576519,3563918,3550589,3535791,3523729,3514648,3507603,3501217,3493848,3489919,3488687,3489126,3490017,3489798,3492638,3498191,3504903,3510716,3513468,3518780,3524556,3529320,3531819,3530763,3530177,3530733,3531115,3529478,3523659,3517894,3513523,3508887,3502227,3491566
dji,Djibouti,12193,12097,11571,11125,10942,11039,10889,11295,12077,13096,14301,15867,17269,18603,20015,21615,23398,25182,27009,28879,30833,32755,34546,36584,39500,43809,48255,53944,60076,65079,67686,71045,71382,70107,69952,73168,76861,84530,94506,103073,107065,111915,111415,107072,102283,99835,96743,96569,98633,101093,102509,104622,105434,105120,104193,102907,100748,97987,94972,92456,91278,91175,92531,94967,97479,99272,101949,102459,101445,100063,99162,97506,96776,96717,96685,96229,95796,95095,94148,93166,92289,91563,90832,90136,89477,88873,88428,88021,87661,87359,87127,87078,87037,87013,87015,87058,87249,87414,87536,87584,87531,87539,87343,86986,86532,86017,85397,84789,84183,83550,82864,82153,81482,80829,80185,79543,78984,78430,77891,77380,76912,76533,76189,75878,75601,75357,75197,75057,74925,74781,74609,74478,74275,74012,73713,73390,73018,72657,72294,71910,71494,71048,70622,70205,69789,69354,68945,68555,68175,67803,67460
dnk,Denmark,422807,413472,399522,388269,380809,375061,361725,358119,359871,363534,367220,377315,383833,387473,389980,392608,396783,397062,394793,391327,387712,381380,376721,372873,368212,361547,354266,345510,335490,324710,313388,300872,288610,277435,268910,264208,260433,263487,271452,281399,291389,306898,318421,326751,333207,338737,343718,344896,343597,341219,338606,331226,327516,326354,326184,325845,325541,326681,328030,328045,325866,325606,318945,308921,300080,295077,284932,285575,293368,302353,308596,319795,325100,326092,326320,328191,329851,332240,335272,337826,339156,339587,339558,339008,338122,336943,335184,333763,332518,331219,329676,328319,326940,325595,324404,323407,322918,322730,322798,323088,323609,324895,326371,327991,329646,331241,333471,335317,336848,338148,339252,340402,341382,342165,342630,342643,342555,342230,341671,340953,340111,339289,338814,338544,338244,337709,337783,337648,337348,337042,336858,337259,337900,338713,339511,340141,341426,342477,343332,344058,344640,345620,346579,347418,348008,348250,348854,349234,349372,349252,348801
dom,Dominican Republic,439444,466326,491948,515877,538924,562886,591662,615034,635048,653764,673068,692191,709894,726537,741958,756249,770398,781821,791217,799698,808333,817733,825971,833498,840661,847924,856705,864268,871132,877963,885329,893964,902963,912176,921171,929650,939009,947009,954141,961432,969638,977922,987976,998566,1007480,1013180,1019325,1019871,1016422,1011813,1008017,1001337,998016,997126,996673,995148,993981,992495,990686,989420,989582,993148,996227,999023,1001479,1003694,1007872,1009484,1008911,1006545,1002829,999087,992534,984021,974687,965406,955135,946264,938314,930460,922242,915974,908603,900448,892207,884527,878982,872571,865655,858584,851768,846497,840544,834076,827205,820115,814171,807102,799259,791124,783111,775815,768484,761121,753649,746110,739878,733079,725837,718364,710899,704784,697900,690534,683080,675905,669857,663789,657673,651368,644869,639832,633766,627009,620096,613482,607897,602314,596707,590929,584958,580360,574908,568834,562528,556330,551203,545745,540070,534256,528436,523819,518795,513449,507915,502352,498125,493298,487949,482253,476537
dza,Algeria,1403134,1476698,1576286,1670568,1750507,1821562,1928086,1981357,2005890,2027870,2067712,2100596,2157452,2233066,2311798,2384697,2472972,2534493,2578562,2622556,2680397,2748747,2822093,2901585,2984643,3071607,3175225,3264356,3344078,3422809,3509321,3606396,3687164,3756131,3816498,3871509,3922104,3955087,3972794,3977412,3970828,3953957,3926354,3885106,3822414,3733161,3632296,3498315,3346950,3203248,3084850,2949780,2877720,2861748,2891553,2960281,3080573,3248013,3445670,3651391,3852284,4116089,4298747,4425443,4534569,4653816,4741030,4844845,4950834,5024616,5041518,5027475,4950649,4828294,4695318,4574373,4405864,4301605,4243300,4198163,4143430,4117938,4078807,4031984,3995061,3981144,3994686,4017278,4049933,4089236,4134100,4197995,4255734,4308189,4356432,4401313,4448607,4484337,4509633,4524943,4530209,4524546,4511567,4491198,4463121,4426644,4380041,4333582,4286642,4239016,4190305,4142557,4100430,4062714,4028305,3996657,3976923,3958348,3941646,3928301,3919696,3922922,3926944,3931876,3937247,3942897,3955889,3964948,3970418,3972411,3970865,3969748,3963865,3953487,3938804,3919718,3897778,3874786,3850180,3823187,3793008,3763984,3735636,3707330,3678531,3648691,3626084,3604022,3582512,3562508,3546024
ecu,Ecuador,543001,570495,610149,647858,679528,706305,745491,766993,779040,790057,806347,818313,838576,865518,894225,921515,952544,979387,1002882,1025406,1049029,1076052,1098517,1117956,1135701,1153196,1171203,1186278,1199797,1213444,1228716,1245050,1262675,1281401,1300597,1320081,1343280,1363386,1381241,1398014,1414785,1433103,1448143,1461217,1474126,1488237,1503026,1520410,1538365,1553154,1562332,1574218,1575401,1569417,1562128,1557687,1548115,1545858,1549249,1554835,1560212,1568239,1576810,1585920,1596662,1610011,1626355,1640924,1653388,1662470,1667087,1672859,1672791,1668440,1662186,1655776,1645653,1638561,1633452,1628570,1622552,1616944,1611250,1605253,1599137,1593062,1589206,1584193,1578371,1572135,1565842,1560950,1555443,1549407,1542828,1535738,1529502,1522687,1515340,1507453,1498982,1491230,1483018,1474409,1465600,1456721,1448853,1441482,1434223,1426442,1417709,1410742,1402129,1392356,1382264,1372423,1363406,1355420,1348035,1340450,1332108,1325726,1318423,1310333,1301871,1293312,1286266,1279252,1272130,1264594,1256413,1249788,1242597,1234907,1226917,1218716,1211889,1205380,1198896,1191974,1184274,1178378,1171698,1164350,1156602,1148656,1142027,1135808,1129942,1124060,1117629
egy,Egypt,3634281,3827825,3842980,3820006,3826837,3896553,3922855,4043779,4217852,4396545,4547490,4759173,4873315,4919472,4957229,5033738,5134380,5248257,5373862,5490585,5588247,5725178,5799385,5835851,5877689,5961768,6079226,6222229,6391562,6578182,6779540,7032274,7252827,7451625,7647275,7857536,8103266,8316726,8495019,8621695,8689371,8754239,8702822,8579930,8456952,8385616,8258340,8266325,8367557,8482958,8557270,8697012,8749185,8744939,8745949,8797235,8857212,8964988,9135679,9390342,9744422,10152696,10719438,11361212,11943129,12375137,12908441,13069956,12972433,12803817,12697212,12392258,12299923,12360750,12444034,12455586,12477808,12470154,12437489,12425700,12465978,12561955,12686344,12837484,13002069,13174650,13402747,13600121,13772038,13925014,14064838,14208611,14311708,14384049,14436417,14475751,14480754,14495725,14514015,14524190,14517316,14503651,14485543,14463475,14442729,14426860,14422938,14427563,14438463,14451826,14465915,14504637,14532559,14551586,14564440,14573711,14595110,14601368,14595736,14581267,14560259,14536383,14508057,14475259,14437196,14393077,14348039,14302346,14255130,14206010,14154671,14110892,14066304,14020115,13971229,13919074,13879339,13831951,13778640,13722137,13664626,13616694,13567667,13517362,13464657,13408702,13364810,13317411,13266616,13213513,13159207
eri,Eritrea,153503,154039,151934,150218,150432,153087,155315,160019,166178,172806,179480,188920,195160,199299,203143,208195,214033,219576,225157,230794,236792,244110,250200,255697,261429,268077,275493,282869,290561,298920,308298,318845,329136,339347,349813,360796,374940,388067,398714,404428,403754,409511,405569,394898,381867,370170,352588,336270,323719,318453,323194,324001,339219,364331,392149,417127,455990,485349,505688,518741,526331,536013,533452,523335,512017,503728,483440,478282,483343,490685,495070,504506,506095,502570,499487,500682,501329,505840,513570,522247,530524,540663,549305,556724,563833,571305,579459,586653,593086,598771,603769,608265,611921,614773,616840,618135,618817,618920,618574,617991,617337,616648,616334,616330,616572,617060,618651,620255,621860,623468,625147,628127,630241,631725,632885,633999,635572,636676,637342,637495,637094,636829,635769,634059,631944,629609,627253,624878,622424,619767,616848,614431,611636,608562,605393,602275,599834,597272,594635,591974,589364,587577,585566,583370,581039,578655,576998,574854,572237,569211,565911
esp,Spain,2663503,2658559,2640698,2638896,2663443,2708396,2732192,2792931,2869367,2943532,3008269,3111375,3164013,3181650,3188427,3200536,3192904,3193908,3203991,3218770,3234135,3232134,3252286,3282879,3309915,3323115,3347503,3342582,3309884,3252658,3175107,3092300,2969880,2824488,2678637,2546763,2380783,2272620,2205879,2154540,2101641,2081589,2050581,2012053,1975361,1947538,1937580,1912174,1883932,1869636,1883801,1898182,1942063,2010574,2091496,2172942,2274498,2370656,2448932,2494516,2502551,2554562,2516997,2422224,2318016,2236636,2107875,2043816,2025429,2016181,1990096,1975036,1947976,1910197,1872711,1842899,1825052,1803623,1782339,1763376,1748660,1735605,1730044,1730029,1732347,1734726,1742010,1748873,1755139,1761259,1767253,1775567,1782673,1788169,1791185,1790880,1790141,1786703,1780184,1770070,1755768,1739164,1720828,1700945,1679923,1657663,1633996,1614392,1597491,1581525,1565049,1552827,1542058,1532216,1523155,1514703,1511381,1508578,1506287,1504426,1502751,1503955,1506270,1509110,1511427,1512104,1514465,1516312,1516994,1516033,1512977,1510517,1507966,1504528,1499298,1491484,1484271,1476569,1468048,1458426,1447201,1437107,1428127,1419593,1410637,1400329,1393009,1386591,1380575,1374720,1368999
est,Estonia,92293,94642,93585,91898,90685,90509,89357,90006,91774,93786,95245,95722,96455,97092,97523,97678,97928,97617,97061,96833,97316,97514,99499,102549,105420,107231,109898,110404,109492,108563,108563,107503,108427,110761,113476,115825,118752,121438,123166,122794,119342,115537,107843,97672,87585,79638,70084,64636,62506,61916,61285,61071,61685,62706,64172,66212,70128,73109,75332,76831,77670,78427,77291,74988,72629,71079,68029,67202,67973,69038,69176,68610,67988,67050,65912,64726,64027,62834,61372,59910,58633,57265,56243,55521,54971,54515,54280,54193,54211,54317,54505,55035,55429,55711,55923,56099,56348,56417,56348,56167,55887,55466,55004,54484,53888,53201,52442,51694,50946,50193,49423,48733,48069,47423,46798,46209,45784,45366,44973,44629,44345,44226,44134,44056,43977,43893,43966,43964,43907,43805,43672,43581,43434,43237,42985,42667,42348,41995,41600,41160,40671,40221,39770,39292,38788,38261,37852,37423,36983,36566,36198
eth,Ethiopia,3327721,3389393,3412828,3430674,3458713,3507758,3570130,3632162,3698132,3775746,3875947,4015423,4140260,4258488,4377908,4507785,4669251,4792632,4897429,5011226,5159479,5340789,5533553,5730220,5907373,6046205,6206080,6320094,6409441,6514548,6674382,6837988,7012437,7206804,7424433,7673274,7952295,8216111,8480210,8757607,9056988,9380949,9676525,9953729,10232140,10535009,10926116,11307353,11676269,12022233,12347590,12756057,13036250,13228850,13387446,13553113,13659433,13774056,13906060,14060447,14244957,14428312,14660780,14927594,15206711,15483378,15823334,16102816,16339130,16560834,16791484,17036000,17261892,17473572,17668312,17845871,18015198,18160242,18284963,18395348,18495914,18587300,18670899,18747700,18817992,18882668,18953145,19015558,19072707,19129609,19190736,19268645,19345154,19418600,19484615,19541504,19619081,19666295,19691564,19707674,19724360,19743015,19762897,19780890,19788641,19780869,19782746,19761231,19721793,19674624,19627084,19583631,19543579,19504447,19460496,19408295,19373029,19324449,19264103,19194923,19119464,19057782,18982148,18897151,18808964,18722268,18644804,18574777,18508326,18438517,18360885,18304312,18232053,18146839,18053579,17956056,17869288,17773686,17672453,17569088,17466024,17369882,17281286,17197445,17113215,17023186,16953453,16874187,16783090,16684402,16588388
fin,Finland,500547,510794,493949,473943,457988,446541,415001,405414,408096,413082,413091,418608,417532,410394,401391,393511,389051,380690,370183,358801,348094,336708,325182,314762,307003,302535,296632,299180,306877,314974,320699,333399,336716,333603,328807,325507,318803,314266,311944,311119,311365,310457,314431,320775,325769,326724,330292,325049,314073,302723,294745,282871,278402,279467,282386,284683,289408,293390,296446,299106,301713,305993,307416,306653,304161,300232,293966,286608,278708,271068,264132,254950,249931,247755,246538,244956,245750,245387,244224,243221,243060,244149,245113,246134,247146,248124,249192,250344,251484,252491,253241,253772,254340,254805,254945,254546,253899,252851,251426,249725,247806,245496,243513,241772,240134,238486,236960,235905,235190,234671,234233,234407,234665,234972,235312,235644,236494,237261,237923,238449,238810,239357,239875,240303,240542,240464,240421,240326,240112,239702,238997,238360,237792,237204,236511,235634,234964,234476,234092,233707,233187,233089,233120,233174,233168,233034,233413,233829,234212,234487,234578
fji,Fiji,55000,56530,58110,60001,62319,64995,67517,70167,72750,75142,77377,79888,81359,82015,82170,82058,81573,80839,80005,79244,78754,78735,78937,79403,80182,81364,84160,86305,88053,89874,92387,96887,100291,102817,104386,104833,104722,103737,102217,100779,99939,98368,98047,98502,99056,99358,101035,101251,100538,99499,98246,94749,92493,91046,89974,89218,89673,89738,89544,89377,89604,91452,92490,93191,93793,94164,92304,91282,90668,90074,89390,89054,88503,87877,87343,86933,86354,85900,85542,85242,84999,84985,84967,84939,84901,84870,85095,85111,84982,84788,84599,84448,84235,83977,83690,83381,83080,82770,82450,82106,81740,81452,81095,80683,80235,79777,79388,78923,78404,77861,77328,76842,76338,75823,75306,74796,74363,73903,73420,72941,72480,72108,71698,71267,70824,70382,70017,69588,69119,68633,68153,67726,67268,66791,66302,65811,65384,64918,64425,63916,63412,62980,62507,62004,61489,60981,60545,60077,59587,59099,58613
fra,France,3964339,4136747,4074949,3985898,3928064,3907771,3722654,3710600,3797785,3909761,3991273,4095991,4170491,4209366,4231164,4247874,4294829,4292239,4259419,4220295,4194194,4153561,4147503,4159503,4155444,4111511,4075083,3973022,3834278,3713349,3647101,3554606,3575755,3671099,3771339,3830601,3952916,3972480,3919055,3848412,3799539,3725125,3677478,3654378,3640054,3624477,3605035,3606691,3621947,3645478,3674207,3730115,3766673,3790219,3810325,3834582,3873029,3900439,3919639,3931851,3939715,3958811,3963151,3953432,3929494,3892829,3860221,3803651,3734319,3669221,3619987,3565755,3547171,3551923,3559246,3556453,3588147,3584174,3556305,3525910,3509047,3502708,3502232,3507456,3512941,3516435,3536316,3546806,3549447,3548021,3546307,3558863,3559431,3551723,3539327,3525444,3520565,3508187,3490113,3468520,3446164,3435011,3418529,3398480,3377209,3357476,3353098,3343844,3331484,3318037,3306065,3311804,3309600,3302104,3292771,3285253,3293487,3295208,3292411,3286842,3280724,3289867,3290154,3283668,3273512,3263227,3266622,3263059,3254416,3242240,3228423,3228679,3220085,3205104,3187099,3169476,3166224,3157854,3145759,3131516,3117451,3120512,3116560,3107705,3096627,3086174,3093337,3093070,3087049,3077398,3067123
fsm,"Micronesia, Fed. Sts.",4952,5441,6112,6697,7126,7432,7961,8168,8198,8210,8299,8243,8392,8703,9077,9427,9855,10268,10626,10881,11007,11271,11360,11350,11356,11499,11567,11724,11982,12328,12721,12949,13393,13940,14431,14770,15291,15454,15380,15287,15340,15359,15589,15944,16223,16241,16211,16055,15749,15365,15007,14932,14622,14183,13725,13339,12930,12599,12348,12165,12084,12130,12079,11990,11931,11942,11919,11965,12062,12171,12265,12421,12524,12585,12628,12672,12743,12772,12775,12747,12701,12645,12559,12443,12307,12163,12014,11858,11698,11542,11397,11276,11161,11061,10963,10879,10846,10791,10726,10665,10620,10612,10598,10576,10546,10511,10502,10459,10390,10304,10212,10126,10017,9894,9762,9619,9484,9340,9188,9032,8877,8744,8601,8454,8316,8187,8088,7985,7887,7789,7706,7655,7590,7517,7439,7370,7323,7256,7182,7097,7011,6933,6840,6735,6623,6508,6403,6285,6163,6040,5921
gab,Gabon,53466,54904,55496,55715,55870,56255,56984,57687,58500,59519,60841,62454,64064,65778,67759,70186,73205,76077,78869,81587,84302,87742,90440,92725,95047,97782,100646,103743,107097,110648,114389,118521,122498,126399,130369,134541,139085,143341,147410,151376,155325,159402,163237,166829,170122,173099,176042,178480,180590,182599,184690,186449,188527,191147,194628,199226,203539,209241,216239,224421,233725,243752,253983,264108,273754,282688,293780,303020,310529,316297,320376,323852,324718,323822,322436,321433,318325,317958,319496,321511,322971,325653,327476,328704,330108,332274,335529,338832,342315,345952,349783,354312,358685,362912,366982,370906,375185,378940,382241,385159,387756,390270,392395,394149,395522,396511,397346,397901,398202,398295,398213,398156,398057,397942,397865,397866,398202,398659,399217,399822,400474,401658,402602,403371,404065,404764,405735,406492,407065,407454,407661,407917,407887,407627,407230,406756,406272,405851,405394,404729,403743,403009,401813,400273,398590,396947,395364,394015,392958,392094,391209
gbr,UK,4370647,4322292,4104614,3920041,3820172,3790133,3610690,3636106,3775548,3948213,4103112,4355223,4533713,4645750,4724234,4793261,4885910,4896151,4848688,4765177,4662355,4494946,4340446,4196172,4054024,3907553,3740741,3606859,3501440,3425941,3381804,3378545,3408569,3462376,3525083,3588305,3702037,3763271,3789143,3803800,3823875,3821326,3826145,3834496,3833264,3812702,3767868,3715999,3658331,3601540,3550650,3488450,3443843,3420138,3423573,3458060,3504850,3592587,3703819,3811406,3898072,4030878,4094014,4106575,4097655,4086931,4044007,4006730,3976861,3951046,3924490,3869283,3860024,3877294,3895570,3896588,3919346,3907690,3872123,3833220,3804810,3768551,3748714,3742624,3741323,3738277,3735854,3741086,3750821,3763109,3775860,3795104,3813289,3830056,3844610,3855673,3866778,3874349,3878386,3878883,3875232,3865348,3858529,3853122,3846670,3836480,3822621,3813010,3805661,3798380,3788794,3779976,3773592,3768646,3764286,3759246,3756283,3757093,3760073,3763234,3764671,3769068,3775169,3781800,3787559,3790718,3795214,3800882,3806504,3810394,3810483,3810171,3811121,3811974,3811078,3806377,3800957,3798061,3795921,3792472,3785456,3779367,3775793,3773179,3769760,3763488,3759921,3759184,3759722,3759879,3758030
geo,Georgia,286651,317247,337163,352575,366454,382354,401739,417701,431626,444330,456309,463597,472336,481209,487887,490270,488701,483718,475841,466760,457416,445214,437963,434074,431169,427790,428335,427007,424681,423524,425484,431384,437251,443423,449878,456918,465204,471774,476119,475318,464792,444562,421997,395521,366462,339049,328566,310316,289016,269919,257548,253528,246423,239053,233892,233077,235668,240648,247469,254744,261898,273496,280579,284235,286002,287153,287028,284131,279495,274062,268345,258685,251965,247179,242860,237956,233648,229231,224739,220714,217587,216075,214513,213125,212054,211491,212070,212364,212504,212610,212821,213418,213612,213476,213041,212344,211461,210110,208374,206346,204106,201497,198792,196007,193168,190311,187460,184688,182005,179438,177041,175113,173172,171265,169485,167943,166990,165929,164825,163738,162743,162180,161326,160275,159130,157985,156997,155794,154426,152928,151342,149820,148082,146187,144206,142218,140354,138421,136437,134435,132468,130854,129138,127369,125613,123947,122771,121472,120102,118739,117497
gha,Ghana,943789,950287,941262,938170,949032,974171,989838,1028344,1080038,1135981,1191255,1265598,1322594,1366233,1404708,1444702,1493508,1534807,1572190,1608576,1647401,1688013,1726251,1761887,1793722,1821529,1857952,1884561,1907250,1934699,1974568,2014484,2060407,2112309,2168666,2229109,2300385,2366009,2427597,2486839,2546172,2613615,2666450,2709984,2751562,2797001,2844464,2898405,2956504,3013074,3065073,3123572,3166013,3199225,3234704,3281272,3326705,3383168,3448626,3517836,3587524,3671288,3749931,3822994,3890124,3951959,4021328,4069604,4104009,4134774,4169436,4195563,4233202,4278836,4324999,4366542,4413570,4453436,4487901,4521517,4557788,4599561,4640007,4679985,4719488,4758992,4803947,4845742,4885256,4923688,4962176,5005210,5045389,5083161,5118783,5152698,5190141,5222946,5251950,5278126,5302384,5328480,5351033,5370784,5388531,5405012,5423457,5440261,5455614,5469678,5482766,5499801,5514461,5526989,5537556,5546527,5559633,5568179,5573669,5578388,5584115,5592542,5602523,5612680,5620238,5623499,5631721,5630657,5622911,5612886,5603752,5594358,5587641,5582224,5574956,5563824,5556510,5543106,5525276,5506302,5488560,5472655,5458553,5445467,5431579,5415542,5404296,5388281,5367855,5345073,5322606
gin,Guinea,437701,457230,483024,505968,523990,538901,563819,573667,575225,575500,580140,583280,589986,600173,611440,622648,638509,649689,657881,666062,676966,695081,709873,723200,736928,753361,777558,797975,816979,837275,861700,890084,915175,939580,966398,998801,1035067,1069479,1103111,1136507,1170804,1214081,1249737,1280450,1309800,1341400,1381514,1416226,1446940,1474581,1500615,1535291,1561843,1583478,1604741,1630331,1661539,1689852,1716958,1743784,1771639,1802101,1827671,1851641,1878549,1912510,1945446,1981249,2019747,2059594,2100111,2144739,2184930,2222062,2258181,2295213,2335011,2371495,2405704,2438564,2471080,2504827,2535823,2564849,2592748,2620394,2649592,2676628,2702134,2726791,2751356,2778374,2803059,2826197,2848767,2871745,2897682,2921897,2944872,2967020,2988913,3014191,3036579,3056775,3075552,3093711,3114532,3132493,3148424,3163319,3178075,3195210,3211367,3226514,3240314,3252746,3268642,3280848,3290255,3298188,3305758,3315674,3324169,3331423,3337318,3341962,3349381,3354216,3356925,3358098,3358309,3360795,3360947,3359532,3357636,3356154,3356830,3358161,3359359,3358839,3355677,3356191,3350904,3341413,3330331,3320168,3309856,3301698,3296606,3293255,3288657
gmb,Gambia,56288,56733,56776,56739,57006,57863,59178,60356,61486,62632,63932,66091,67274,67937,68748,70360,72739,75075,77544,80151,82973,86395,89124,91535,94149,97407,101025,104990,109227,113446,117557,122358,125860,128923,132904,138895,144840,152558,161477,170380,178380,188809,197145,203846,209770,215673,222099,227552,232553,237641,243236,248175,254246,261210,268598,276034,284257,292333,300344,308600,317504,327914,337578,346839,356013,365391,375181,384277,392902,401238,409506,417756,425387,432589,439578,446555,453520,460140,466506,472676,478744,485137,490841,496081,501161,506350,511909,517101,522036,526776,531431,536604,541045,544967,548643,552321,556388,559973,563186,566092,568790,571902,574273,576116,577705,579275,581184,582766,584125,585334,586484,588225,589530,590485,591157,591647,592771,593102,592915,592568,592357,592552,592750,592932,592966,592802,593391,593252,592579,591671,590764,590357,589582,588541,587276,585865,584946,583570,581859,579943,577947,576449,574606,572534,570348,568161,566534,564694,562773,560897,559164
gnb,Guinea-Bissau,81901,85026,89422,93170,95779,97547,101172,101843,100875,99631,99146,98246,98364,99422,100904,102596,105268,107152,108635,110334,112726,116072,119258,122281,124964,127305,131128,134007,136550,139695,144239,148174,152969,158342,163617,168380,173451,176369,177896,179235,181374,183441,186060,189107,192110,194887,199028,201615,203315,205115,207783,210569,213529,216853,220692,225342,231251,236934,242609,248493,254839,262148,268488,274150,279434,284614,289830,294244,298103,301656,305111,308228,311321,314407,317470,320520,323812,326940,329968,333020,336227,340007,343473,346748,349953,353235,357003,360328,363392,366418,369606,373108,376552,379912,383085,386034,389403,392032,394130,396018,397949,400008,402010,403951,405734,407325,409287,410786,411963,413044,414212,415741,417219,418631,419884,420954,422525,423501,424059,424464,424932,425639,426316,426935,427389,427627,428242,428359,428111,427716,427342,427190,426996,426737,426316,425687,425418,424699,423650,422465,421305,420355,419379,418374,417282,416068,415194,414029,412615,411089,409616
gnq,Equatorial Guinea,30178,32121,34338,35965,36920,37509,39132,39567,39430,39256,39423,39277,39480,40074,40984,42203,43883,45759,47437,48169,47321,46953,44726,41323,38026,35990,33863,32937,33385,35367,39248,43771,49125,54977,60373,64390,68863,71067,71627,71755,72448,72498,73879,76340,79304,82383,85704,89048,92451,96109,100185,104572,108725,112906,117413,122498,127254,132395,137854,143468,149135,154900,160354,165559,170615,175602,180886,185845,190558,195125,199653,204562,209448,214306,219024,223452,227886,232128,236150,239917,243357,246649,249798,252820,255727,258515,261105,263755,266424,269054,271577,274173,276714,279181,281533,283725,286100,288210,290111,291871,293541,295254,296856,298365,299788,301120,302531,303893,305180,306353,307368,308559,309531,310316,310959,311474,312082,312576,312972,313274,313472,313752,314023,314252,314381,314350,314438,314353,314138,313838,313481,313112,312789,312477,312112,311628,311172,310671,310118,309510,308834,308155,307493,306841,306168,305441,304709,304050,303454,302898,302327
grc,Greece,786000,804385,785308,760150,743644,740377,719222,728864,754494,778816,789836,813413,809998,787894,764789,753221,735295,735547,748605,762056,767671,776628,771175,756627,743695,739535,729428,732411,743369,752774,754784,766051,762213,746848,725783,702558,670635,636921,604046,575527,554112,528653,520460,523917,530126,532885,548955,551852,545691,538206,535030,534103,534714,537077,539535,540718,542809,547464,552149,553623,550167,549408,536439,515540,493637,475449,450400,435210,426923,419663,409459,402307,391177,377370,364297,354341,345812,339762,336104,333887,332559,333238,334479,336147,338188,340519,344236,347122,349333,351086,352520,353509,354303,354773,354591,353405,351327,348909,345992,342479,338246,333350,328579,323870,319167,314360,309605,305638,302219,299099,296099,294048,292300,290862,289796,289104,289321,290007,290984,292014,292901,294471,295792,296839,297612,298042,298395,298679,298780,298505,297623,296484,295297,293894,292176,290049,287870,285917,284033,282071,279874,278012,276354,274841,273399,271913,270993,270403,270027,269744,269473
grd,Grenada,15213,14779,14133,13812,13979,14562,14738,15546,16628,17622,18266,18880,19052,18806,18295,17630,16667,15581,14485,13530,12817,11722,11565,12013,12527,12696,13146,12909,12251,11706,11715,11714,12256,13173,14037,14526,15274,15512,15344,15037,14799,14320,13789,13258,12740,12233,11402,10891,10588,10354,10109,10092,9935,9700,9488,9336,9131,8991,8873,8754,8702,9120,9238,9202,9155,9163,9056,9028,9055,9064,9012,8923,8814,8677,8524,8364,8195,8021,7848,7680,7526,7380,7264,7167,7088,7027,7004,6983,6967,6952,6946,6969,6973,6960,6934,6907,6877,6835,6782,6716,6642,6556,6466,6372,6277,6176,6077,5980,5884,5796,5710,5638,5569,5503,5441,5388,5356,5320,5285,5249,5215,5199,5169,5134,5095,5055,5018,4972,4927,4877,4825,4775,4720,4665,4607,4549,4492,4434,4373,4313,4255,4204,4155,4102,4053,4006,3971,3933,3893,3853,3821
gtm,Guatemala,544162,579491,619631,655449,685039,710656,745919,765987,777691,787812,801587,812356,827986,848136,870218,892773,920240,945316,968980,993346,1020396,1055326,1086817,1116416,1145816,1176863,1214633,1249296,1281949,1313703,1346052,1382793,1414628,1442613,1467450,1490340,1514411,1530365,1542495,1557356,1579828,1602608,1638880,1683741,1728389,1766974,1814350,1843432,1859973,1874542,1895159,1909844,1931688,1957499,1979118,1991122,1999882,1991909,1973518,1956294,1948269,1931529,1935480,1954090,1976177,1994028,2022704,2040126,2048992,2055787,2065382,2077432,2087358,2096151,2103270,2108543,2111719,2114239,2115881,2116530,2115996,2114669,2113244,2111258,2108113,2103420,2099632,2093411,2085471,2077036,2069019,2061397,2054939,2049148,2043010,2035898,2030818,2023739,2015200,2006216,1997510,1989845,1982427,1975034,1967093,1958261,1950963,1942322,1932558,1922113,1911295,1901526,1891472,1881083,1870195,1858696,1848618,1838112,1827145,1815728,1803851,1793685,1783074,1772076,1760813,1749364,1739760,1730285,1720684,1710483,1699346,1690384,1680031,1668664,1657054,1645721,1635752,1627150,1619230,1610744,1600794,1593415,1583978,1572891,1561059,1549283,1538472,1528713,1520035,1511540,1501829
guy,Guyana,68540,73657,78474,83002,87358,91722,96225,100253,103827,106872,109321,111789,113466,114448,114963,115208,115757,116401,117015,117455,117708,117842,118145,118603,118910,118424,115322,112979,110986,109137,107308,105457,105044,105381,105371,104171,103819,100666,95828,91548,89880,89682,91461,94704,97812,99616,102549,102619,100655,98150,96090,92132,89403,87569,85856,83729,80942,78341,75919,74018,72939,72727,73053,73765,74484,75012,76480,76536,75657,74578,73864,72807,72224,71998,71779,71339,70948,70331,69523,68671,67889,67251,66556,65829,65068,64288,63695,62950,62104,61239,60440,59787,59120,58453,57784,57131,56670,56098,55446,54765,54108,53604,52997,52315,51592,50868,50256,49544,48762,47957,47181,46507,45793,45051,44301,43565,42981,42308,41580,40836,40123,39561,38923,38236,37532,36860,36327,35721,35069,34400,33751,33241,32647,31990,31314,30661,30134,29529,28887,28226,27580,27051,26445,25785,25111,24461,23931,23347,22735,22127,21551
hnd,Honduras,274279,290721,306724,320557,332513,344082,359597,370257,378365,386100,395250,404962,414937,425674,437285,450127,465485,480371,495014,509578,524506,542234,556306,568445,581145,596495,613017,631505,651496,671650,691278,713777,732265,747950,762795,778487,794629,810128,825595,841318,857542,873399,890059,907656,926694,947552,969783,993570,1017229,1037892,1053755,1070673,1076226,1073672,1068239,1063713,1052842,1047211,1045033,1042273,1036071,1030256,1020993,1009829,1000484,995570,992136,995225,1002778,1010874,1017017,1028839,1033180,1032182,1029630,1028296,1025570,1023757,1022604,1020710,1017104,1012400,1007023,1000897,994346,987539,980789,974161,967549,960740,953650,947596,940863,933725,926655,920021,914352,909103,904112,898975,893448,889222,883877,877776,871548,865640,860247,855454,850979,846243,840866,836529,831123,824929,818483,812146,806287,800850,795623,790159,784153,779162,773473,767281,760997,754882,749554,744724,740193,735580,730628,727010,722871,718299,713505,708627,704726,700752,696668,692367,687767,684038,680159,676114,671877,667386,663763,660133,656388,652430,648223
hrv,Croatia,389098,410227,412724,409664,405046,400719,387530,381098,378544,376629,372670,367292,362676,357785,352437,346371,342246,334896,325964,318234,313880,310509,312245,317411,322711,325997,332495,332949,329438,325668,324122,319935,319748,322064,323803,322859,322651,318814,311864,303054,293129,282242,270766,259516,249916,243066,236464,236280,239894,242928,242499,245526,238347,224999,212590,206135,195704,196817,205644,214685,218740,226132,225093,217871,209514,203518,195327,190560,188522,186911,184151,180964,177599,173943,170479,167478,164986,162626,160446,158410,156542,155206,153735,152228,150785,149493,148439,147404,146416,145507,144706,144038,143506,143041,142536,141908,141450,140693,139691,138523,137241,135852,134326,132703,131024,129318,127504,125875,124376,122926,121470,120240,119014,117794,116618,115519,114730,113932,113132,112349,111609,111107,110569,110006,109431,108846,108413,107939,107414,106818,106142,105585,104933,104186,103345,102405,101561,100646,99662,98624,97539,96567,95621,94694,93764,92792,92056,91316,90552,89772,89037
hti,Haiti,477402,490938,511379,531269,548848,565445,592967,607576,614933,621133,631220,641439,653975,668466,682391,694530,710166,719666,724825,728504,733201,740134,744776,749549,757569,771619,790073,814256,843494,876590,913019,959038,1002365,1042045,1076110,1103833,1134792,1146895,1146402,1142699,1142943,1134721,1137801,1149059,1161815,1171454,1185577,1194091,1198281,1201779,1207519,1217044,1223900,1229431,1234499,1240129,1246633,1251756,1255954,1259597,1263146,1267533,1270169,1271409,1271699,1271638,1272889,1271773,1269115,1265891,1262943,1260683,1257430,1253472,1249071,1244750,1242768,1238628,1233097,1227196,1221958,1219028,1214545,1209175,1203633,1198698,1195891,1191787,1186867,1181622,1176617,1173660,1169185,1163699,1157774,1152026,1147958,1142717,1136632,1130013,1123219,1118004,1111456,1103951,1095948,1087915,1081329,1073877,1065845,1057570,1049408,1042888,1035756,1028198,1020414,1012681,1006758,999865,992287,984358,976449,969935,962501,954492,946341,938445,931587,924578,917476,910275,903068,897223,890587,883395,875994,868729,862557,855839,848775,841569,834451,828295,821739,814929,808008,801147,795319,789018,782361,775547,768877
hun,Hungary,824762,864726,915922,946237,952297,943261,961878,942388,903316,859003,817178,751384,702883,670185,648506,634430,621502,633365,660296,689466,712244,758323,773877,770115,766694,777820,784249,812225,851104,877929,876904,878074,833913,760850,689766,641734,567961,550868,572543,600858,614478,652594,658657,640710,616262,597564,576426,552844,530462,510414,494033,471118,463846,466889,472756,476116,488626,492919,490932,486550,482514,478152,469730,459819,451490,446887,437730,439629,448379,457138,461142,469876,468639,460451,451237,445028,435508,431262,430857,430767,428585,426847,423533,418899,414227,410318,406517,403504,401195,399165,397133,395455,393952,392558,391278,390094,389144,388182,387240,386320,385366,384347,383474,382635,381696,380531,379399,378259,377022,375627,374000,372376,370738,369063,367310,365391,363391,361542,359780,358030,356191,354363,352772,351349,349983,348547,347356,346343,345378,344361,343242,342445,341667,340875,340024,339039,338174,337368,336578,335704,334594,333612,332684,331693,330537,329159,327998,326895,325814,324711,323488
idn,Indonesia,9960842,10253555,10626420,11019521,11458439,11982429,12695059,13304365,13850368,14366569,14891381,15483113,15951208,16345805,16724979,17137179,17522748,17946639,18393882,18828318,19229579,19678203,20018231,20280116,20516471,20771419,21044829,21288828,21517110,21738380,21964676,22220652,22449103,22640989,22772589,22831490,22908756,22821335,22626468,22414803,22253198,22041232,21956356,21957330,21956009,21888504,21900255,21781485,21572127,21376853,21305368,21469844,21637210,21838019,22054871,22258096,22392084,22542464,22715648,22932632,23172918,23191175,23489260,23913401,24263549,24427762,24793538,24718125,24350302,23939761,23658296,23216123,23048670,23079199,23138273,23109641,23156508,23104667,22972345,22829059,22723077,22662286,22593889,22526719,22454742,22377259,22319509,22253240,22178426,22095612,22005651,21934166,21847426,21747733,21638124,21521389,21417436,21302274,21178424,21048923,20916532,20796152,20673902,20549829,20423532,20295415,20185457,20069317,19948900,19827314,19707524,19605224,19499713,19391869,19281938,19170828,19075355,18972238,18863841,18753490,18643937,18545514,18446300,18345671,18242049,18134828,18040761,17938906,17830875,17719037,17605105,17503302,17398166,17289438,17176710,17060405,16958764,16852063,16741585,16629376,16516992,16419935,16323109,16225978,16127392,16026313,15944845,15858252,15766208,15670026,15572522
ind,India,54170080,56882953,60054018,62885277,65161983,67081012,69933076,71298283,71861709,72331947,73249986,73774604,74964510,76671978,78461203,80055733,81969227,83287841,84224553,85199003,86557862,88198828,89822389,91495332,93191371,94951788,97157259,98888797,100368684,101936405,103883106,106207998,108639336,111117107,113444630,115532628,118097125,119687032,120586667,121226737,121958629,122589057,123144679,123695199,124239697,124807200,125497752,126145646,126746483,127300714,127837335,128757906,129242546,129416904,129463623,129542985,129784914,129853438,129712505,129195427,128212295,127204885,125317873,122932767,120676724,118983308,116899966,116172498,116379348,116781822,116879507,117805565,117852398,117268367,116574318,116147666,115811007,115531363,115319736,115047436,114636778,114184655,113654762,113024034,112284614,111425159,110553350,109537896,108416636,107249428,106078183,104884058,103778159,102743405,101749544,100778741,99950342,99153823,98386258,97655206,96971079,96484211,95961082,95412756,94846750,94273956,93817296,93271328,92662496,92022802,91375069,90739868,90117232,89490986,88827795,88104109,87411491,86654472,85849477,85029414,84216030,83417158,82663665,81945989,81246969,80555979,79940578,79340901,78751996,78170011,77593698,77103174,76577754,76034318,75498243,74988058,74514613,74075438,73655941,73227613,72771231,72360777,71898660,71395944,70874723,70353507,69828711,69320654,68829048,68332665,67799181
irl,Ireland,309891,312793,309780,305898,301956,297793,290350,286192,284191,283666,284262,285016,287393,290575,293681,296249,300786,301113,299466,299313,303108,304922,312868,324712,336445,345403,357575,362565,362118,359709,357800,354933,353703,352904,349710,342345,335402,323059,307356,292003,279629,264721,255681,251326,249308,248134,249968,251501,253229,256284,261493,268427,274836,281374,288986,298603,310844,323927,336663,346840,353000,362713,365592,363531,359434,355302,345363,336700,328989,321521,313653,303492,297097,293101,289727,285730,284452,281174,276752,272884,270780,269516,270008,271956,274468,276963,280592,283794,286620,289305,291977,294727,297212,299361,300944,301755,301893,301514,300567,299014,296755,293601,290465,287263,283936,280386,276504,273282,270531,268039,265618,263808,262352,261197,260347,259799,260025,260555,261327,262221,263129,264521,265857,267091,268146,268932,269667,270291,270735,270889,270609,270023,269465,268784,267843,266512,265061,263736,262414,260978,259292,257784,256450,255218,254014,252725,251844,251283,250962,250781,250648
irn,Iran,2534400,2754828,2982665,3180989,3340953,3477262,3660653,3760879,3815622,3862513,3929289,3966428,4044100,4152732,4267050,4370414,4492719,4587968,4664995,4741276,4831648,4940593,5043851,5155425,5291615,5467129,5664676,5895327,6163702,6482636,6866621,7313877,7789234,8271387,8713919,9074765,9428097,9613756,9639154,9528602,9317777,9076976,8697797,8237881,7767640,7332956,6784097,6411533,6173345,6000947,5845030,5785536,5735793,5695076,5681336,5711687,5860486,5965906,6050683,6138799,6252601,6383671,6511379,6644137,6788761,6946625,7076748,7253624,7441550,7582802,7637559,7691867,7593314,7389531,7163434,6971132,6682815,6519991,6445950,6390654,6305471,6259577,6183193,6084850,5995756,5938252,5918223,5907558,5909098,5918135,5933502,5973675,6006973,6035797,6063771,6093558,6130643,6162849,6189620,6208830,6218855,6226811,6223855,6210033,6185397,6149602,6107019,6056463,5998859,5935756,5868035,5796959,5730187,5666765,5605661,5546199,5496748,5452479,5412663,5377128,5346279,5331959,5317394,5303632,5292060,5284000,5286463,5287057,5286403,5284439,5280989,5280488,5276161,5267926,5255334,5237782,5219678,5197662,5171195,5140117,5104430,5069754,5033921,4996329,4956113,4912418,4875361,4836709,4796431,4755717,4716534
irq,Iraq,816850,892586,1013567,1113999,1173816,1199986,1277889,1274882,1232055,1191587,1183418,1145182,1176057,1259728,1360377,1453512,1573357,1674847,1759196,1834890,1908891,1993902,2048614,2085089,2118308,2159887,2188624,2241349,2309825,2378219,2435094,2507000,2561147,2601852,2639463,2681528,2730967,2786196,2847614,2913393,2983992,3055473,3121054,3185523,3256969,3341231,3425238,3522975,3629311,3734178,3830633,3944135,4038926,4115937,4177419,4225314,4276069,4313678,4353669,4421927,4539637,4634290,4787694,4972387,5138911,5249770,5388731,5429221,5404397,5373938,5380423,5349716,5404836,5519041,5640890,5733857,5856433,5932696,5973828,6008133,6055814,6104403,6160127,6222806,6284861,6341499,6398024,6453152,6505572,6555277,6602047,6652867,6697800,6737895,6774723,6809529,6846423,6881105,6913638,6943699,6971140,7001863,7029840,7055222,7078442,7099917,7125617,7148829,7169432,7187055,7201577,7220186,7233634,7242832,7249063,7253309,7259554,7263987,7266615,7267254,7265841,7267671,7267755,7265646,7260676,7252469,7248349,7238876,7225118,7208745,7190983,7175087,7158636,7141137,7121387,7098612,7079343,7056460,7030728,7003638,6976244,6951876,6928111,6904465,6879942,6853708,6832724,6809011,6782608,6754550,6726421
isl,Iceland,18045,18448,18731,19112,19649,20290,20683,21298,21980,22588,23033,23518,23733,23712,23533,23266,22904,22440,21944,21521,21241,20890,20898,21137,21383,21469,21722,21643,21336,21020,20885,20780,20827,21000,21190,21306,21445,21467,21414,21399,21493,21618,21935,22335,22637,22728,22947,22680,22130,21583,21187,20295,19987,20107,20423,20809,21431,22099,22736,23251,23542,23992,23959,23579,23061,22591,21925,21402,21016,20712,20439,20069,19956,19998,20057,20046,20236,20180,19965,19729,19577,19390,19311,19312,19330,19310,19304,19297,19275,19244,19213,19197,19172,19132,19077,18999,18920,18830,18724,18614,18486,18347,18226,18114,18007,17888,17781,17682,17590,17505,17420,17360,17307,17265,17220,17167,17140,17111,17074,17036,16988,16952,16925,16898,16864,16817,16783,16751,16716,16671,16608,16555,16498,16431,16357,16274,16194,16132,16079,16027,15958,15911,15868,15820,15768,15703,15666,15635,15603,15564,15513
isr,Israel,175870,198926,217477,231996,241641,246915,252489,254538,255021,256104,259022,258679,265410,276524,287522,294950,305798,311849,315064,320004,330232,342293,359971,381118,401137,416707,436219,447154,451421,452590,453212,450725,449757,450205,451292,452517,451513,453917,459304,467177,477240,488054,496554,503700,511571,522028,537256,555350,574968,592948,607063,624496,635067,641431,648310,658993,664863,677991,695983,714807,731624,754321,774788,792776,808352,821522,835052,842501,845588,846797,847828,844187,844054,846422,849315,851235,853137,856060,859592,863794,868688,875999,883214,890487,897994,905916,915564,924816,933808,942668,951485,960716,969925,978871,987079,994120,1001033,1006691,1011146,1014545,1016909,1018438,1019719,1020580,1020790,1020147,1019259,1018520,1017793,1016976,1015942,1015665,1015797,1016151,1016518,1016743,1018310,1019702,1020979,1022281,1023642,1026029,1028724,1031445,1033736,1035228,1037663,1039159,1039769,1039680,1038962,1038367,1037771,1036933,1035465,1033014,1030976,1028605,1025805,1022611,1018980,1016030,1013442,1011007,1008408,1005305,1003576,1001809,999843,997681,995436
ita,Italy,4391298,4450534,4330664,4199389,4103956,4048682,3899408,3884138,3947340,4037753,4121460,4246528,4355838,4443625,4515886,4573444,4638796,4644916,4610603,4563206,4524407,4449852,4411597,4392713,4358625,4283669,4204006,4069927,3897674,3721712,3567821,3403762,3280012,3188800,3111699,3037253,2993788,2945644,2895499,2851144,2818719,2811033,2795436,2775537,2752188,2726478,2702753,2671354,2639322,2618801,2620326,2617987,2643905,2690200,2740318,2778818,2817656,2841939,2850883,2848228,2838436,2833102,2804511,2758101,2700710,2638654,2572217,2505949,2442494,2382545,2324694,2258310,2212123,2179869,2154246,2130074,2119390,2108466,2097840,2090038,2086943,2093174,2098487,2103902,2109523,2115155,2120999,2127573,2133862,2138397,2139648,2137974,2136753,2134468,2129067,2118413,2105650,2090635,2072797,2052056,2028126,2002645,1977922,1953557,1929151,1904089,1879752,1859347,1841814,1825834,1810179,1799115,1790018,1782359,1775846,1770119,1768802,1768812,1769597,1770236,1769780,1771997,1773870,1774763,1774032,1771000,1768585,1765902,1762203,1756595,1748138,1739574,1731160,1722186,1711851,1699201,1687219,1676228,1665462,1654130,1641350,1630927,1622063,1613935,1605658,1596298,1590648,1586103,1581991,1577823,1573289
jam,Jamaica,188700,194294,200610,207821,215935,224637,236056,247678,259077,269947,280008,287252,294675,301671,307580,312009,315545,317243,317612,317193,316230,312030,308118,304254,300294,296345,291907,288109,285442,284577,285494,285276,289242,295272,300298,302465,309135,308451,302856,296632,293181,288802,287476,288642,290425,291521,293407,294180,293674,291932,288993,285763,279884,272399,264671,257475,247285,240362,235851,232719,230553,231488,232702,234040,235246,236124,239004,238695,236267,233254,230823,227302,224970,223453,221843,219527,217292,214465,211128,207682,204422,201563,198635,195707,192788,189950,187744,185293,182702,180129,177736,175961,174000,171938,169891,167979,166616,165055,163354,161566,159786,158464,156764,154798,152702,150620,148810,146772,144581,142324,140106,138190,136146,134019,131859,129749,128091,126206,124180,122121,120161,118662,116969,115152,113311,111560,110245,108736,107109,105438,103819,102595,101125,99492,97793,96144,94822,93297,91634,89908,88214,86839,85261,83545,81780,80064,78708,77183,75556,73906,72335
jor,Jordan,89596,98165,102968,106954,111693,118001,125862,136085,147777,159711,170677,184540,196282,207525,221291,240513,261529,282730,303629,322695,338665,360078,378622,393807,405246,413612,427391,432325,432381,433438,440144,444440,456286,473632,492354,510196,532391,548189,561658,578139,599474,606212,625986,652076,675023,688697,716042,732034,739593,744351,750522,756499,762550,771114,786206,813098,843912,877362,915169,957497,1003583,1048198,1090331,1126706,1150515,1154881,1153163,1139744,1115997,1087477,1058122,1025436,1011661,1009837,1010017,1006706,1018077,1013292,998723,984852,979061,969344,965916,967984,971365,973222,973907,973015,970408,966782,962349,957189,950710,943101,934549,925260,915620,905915,896222,886679,877388,868880,861283,854451,848228,842569,839026,835507,832023,828608,825345,823820,821277,817998,814289,810386,806786,802726,798276,793443,788212,782924,777607,772141,766361,760152,754336,748168,741716,735130,728511,722489,716564,710746,705040,699474,694905,690506,686249,682118,678117,675317,672342,669188,665885,662476,659924,656830,653152,648834,643830
jpn,Japan,11205457,11208713,10836472,10395298,9963412,9544651,8872287,8473004,8249494,8109975,7983673,7943299,7951368,7987669,8059364,8173881,8433127,8587611,8689458,8814402,9018002,9219843,9525030,9866425,10111909,10172954,10251498,9993448,9512198,9007995,8617276,8020779,7761272,7732468,7736846,7637956,7654120,7512269,7253572,6984717,6780648,6594907,6439509,6321462,6224017,6138247,6061457,6022320,6004680,5987269,5955184,5954425,5900960,5814707,5729838,5669454,5590246,5558256,5558644,5563579,5554144,5564489,5554705,5523030,5469968,5395316,5318454,5197639,5051070,4905530,4778481,4618419,4526127,4480660,4447502,4402630,4392382,4361317,4315369,4271559,4241623,4229643,4220977,4216369,4211733,4204607,4203793,4200505,4194489,4186301,4175681,4164260,4154727,4145170,4131964,4111341,4091334,4067280,4037914,4002972,3962237,3922429,3881494,3838943,3794595,3748150,3705274,3667076,3632247,3599012,3565599,3542447,3522162,3503531,3485765,3468216,3461226,3454660,3448705,3442395,3433652,3432477,3430992,3426994,3419105,3407002,3399810,3391419,3381098,3367534,3348998,3332976,3316092,3297253,3275485,3249724,3227492,3205991,3183942,3160216,3133811,3112989,3093340,3074197,3054668,3033483,3019499,3007213,2995499,2983364,2970308
kaz,Kazakhstan,740844,847695,899338,947245,1008077,1092189,1169807,1257746,1348598,1434711,1510699,1583892,1651960,1707348,1740890,1745120,1741477,1703516,1643945,1586948,1549988,1497447,1502493,1546217,1594918,1624597,1684623,1704224,1695831,1685423,1691688,1692721,1710432,1741252,1774796,1803948,1839900,1871553,1891088,1888407,1857596,1838715,1770122,1667032,1553825,1450051,1327987,1234860,1170617,1129484,1106403,1077125,1084174,1119165,1171533,1230225,1301703,1373651,1443424,1513831,1591999,1696540,1781385,1852433,1911004,1954031,1965759,1969446,1963835,1947716,1920184,1867630,1821959,1780974,1743152,1706565,1667624,1641850,1625984,1616791,1612383,1624686,1634848,1644603,1657009,1674761,1703340,1728830,1752340,1774066,1794421,1815554,1832005,1844300,1852734,1857329,1856412,1853479,1848321,1840557,1829647,1814042,1799003,1784076,1769009,1753535,1737872,1724030,1711743,1700911,1691510,1685734,1681013,1677245,1674392,1672616,1674894,1676106,1676653,1676937,1677281,1679061,1679731,1679365,1677846,1675058,1671713,1667134,1661378,1654580,1646752,1637669,1628784,1619834,1610364,1599928,1589730,1579317,1568683,1558083,1547692,1539007,1531197,1524011,1517088,1510169,1506485,1502283,1497565,1492749,1488545
ken,Kenya,1056232,1136473,1200819,1256029,1305909,1356094,1411068,1459039,1504328,1551012,1602398,1655112,1711808,1772645,1836725,1904057,1980420,2051589,2121530,2196436,2281797,2377049,2476307,2580122,2687422,2798535,2920675,3033536,3141920,3253350,3374228,3501183,3631065,3762350,3890700,4013608,4143412,4256485,4354418,4437803,4508257,4573268,4610516,4635673,4674726,4746077,4822876,4970917,5165473,5364142,5538881,5767146,5914705,6007359,6092986,6208241,6312970,6446947,6599583,6741401,6852972,6961880,7018098,7034428,7034659,7035726,7009075,6993602,6992981,7009450,7044364,7084621,7169506,7282888,7401582,7510388,7665365,7766747,7830872,7885791,7952624,8016045,8087223,8163174,8231404,8283585,8332679,8365275,8384143,8396587,8407415,8413996,8423891,8435474,8445015,8450229,8462773,8469365,8471576,8472929,8476289,8489204,8500961,8511363,8519024,8523540,8537884,8542167,8538783,8531265,8522369,8516697,8508415,8497176,8481344,8460003,8442076,8416755,8385494,8350788,8314458,8280175,8245492,8210121,8173176,8134241,8101265,8065590,8027619,7988105,7947811,7914319,7877746,7839089,7799584,7760303,7726869,7693057,7658661,7623096,7586153,7555424,7521148,7484027,7445173,7405597,7369658,7332058,7292990,7251924,7208025
kgz,Kyrgyz Republic,167117,191807,211270,229211,246891,265936,287722,306660,323810,340412,357744,372851,388571,403966,416947,425794,432295,433464,430901,427924,426848,423659,428530,438829,449531,456695,466009,469962,470361,471977,478953,490107,505323,523841,543124,561362,584629,603206,616717,624894,627933,631919,626501,615013,602263,592098,575488,564395,557254,549773,537784,523427,508111,492999,482827,482883,495252,514183,539969,571001,605252,645290,684515,720569,750070,771668,795712,798801,787721,772576,760255,733401,722078,721490,722455,718351,716638,711160,702830,695688,692575,693402,696536,701876,708265,715196,726183,735173,742620,749253,755676,762862,768048,771654,773988,775266,774932,774135,772760,770606,767493,763443,759304,754981,750486,745838,741679,737576,733586,729858,726563,724671,722885,721235,719745,718533,718854,718603,717925,716979,715929,715569,714385,712566,710304,707764,705127,702152,698850,695190,691172,687167,682871,678334,673659,668929,664666,660404,656125,651826,647560,644299,640812,637177,633526,630012,627552,624858,621992,619022,616066
khm,Cambodia,739601,779639,833726,885559,928737,963674,1011726,1035048,1044512,1052174,1067371,1074797,1096712,1128178,1157705,1176632,1197843,1204317,1200770,1198843,1207872,1223239,1252390,1283637,1290626,1252791,1212080,1115401,993378,903752,892954,881534,984150,1164631,1353438,1499068,1683055,1755405,1748614,1723229,1726332,1690469,1696057,1731799,1763594,1765832,1750738,1716338,1666342,1615905,1575054,1538854,1520569,1517376,1522499,1531751,1564341,1594653,1621344,1645663,1672089,1725838,1750677,1757393,1758997,1765040,1761524,1765387,1774136,1780446,1778977,1772189,1761710,1747727,1732791,1718432,1702595,1689941,1679935,1671627,1664504,1661503,1659363,1657854,1656986,1656991,1662190,1664511,1664565,1662955,1660301,1658885,1653891,1646231,1636939,1626790,1614960,1603637,1592371,1580314,1566883,1553929,1539918,1525225,1510824,1497466,1485870,1475672,1466467,1457505,1448439,1442987,1435480,1426427,1416643,1406862,1398915,1389529,1379137,1368055,1356577,1345733,1334433,1322694,1310632,1298442,1286975,1275362,1263735,1252182,1240737,1230720,1220332,1209593,1198772,1188303,1179550,1170445,1161191,1151894,1142678,1135115,1126793,1117870,1108634,1099445,1091657,1083289,1074500,1065325,1055738
kir,Kiribati,5509,5786,5940,6092,6275,6505,6704,6948,7204,7455,7688,7964,8158,8282,8354,8400,8442,8396,8295,8162,8022,7850,7684,7548,7477,7504,7593,7848,8208,8570,8881,9342,9574,9666,9770,10008,10190,10524,10956,11350,11594,11840,11914,11869,11805,11802,11774,11854,11982,12035,11970,12004,11660,11151,10807,10810,10406,10956,12099,13244,13971,14993,15277,15024,14678,14557,14265,14315,14622,14959,15160,15377,15449,15401,15325,15283,15249,15215,15191,15167,15139,15131,15122,15120,15137,15181,15272,15384,15514,15655,15817,16040,16237,16417,16582,16734,16918,17045,17132,17189,17236,17263,17274,17273,17252,17218,17175,17127,17071,17007,16935,16880,16811,16733,16664,16613,16594,16595,16614,16639,16665,16744,16792,16823,16845,16875,16931,16972,16999,17009,16999,16996,16958,16887,16799,16711,16612,16516,16419,16314,16192,16090,15965,15832,15696,15570,15464,15370,15289,15218,15164
kor,South Korea,3043329,3061319,3056649,3086754,3197076,3402283,3611904,3886230,4180861,4441128,4628509,4827847,4883599,4831804,4744535,4680469,4564535,4508454,4501114,4509252,4508290,4520254,4540591,4555392,4549722,4513804,4503503,4401806,4245355,4094896,3995229,3861783,3835696,3875243,3898321,3848832,3838069,3681454,3438614,3224222,3118257,2963523,3017496,3206293,3393743,3489421,3681459,3671554,3516645,3324874,3171607,2944799,2785928,2685256,2603825,2514358,2407237,2347257,2315630,2299347,2288938,2320299,2328685,2318169,2292996,2256260,2223926,2152625,2059932,1969502,1897011,1789567,1743565,1739381,1745234,1739028,1756766,1753010,1733531,1714650,1707482,1708181,1713044,1720661,1723294,1715968,1709010,1687034,1655177,1622776,1595598,1557659,1538989,1533468,1531107,1524883,1527205,1525343,1518943,1509456,1497781,1490925,1475420,1454702,1432708,1411828,1385934,1368365,1356800,1347606,1338062,1331763,1329043,1328179,1327771,1326681,1331933,1333660,1332588,1329637,1325241,1321691,1316992,1311119,1303957,1295300,1285366,1277882,1271881,1265963,1258648,1253348,1249241,1244865,1239035,1231145,1226185,1218653,1209512,1199819,1189743,1179567,1172134,1166423,1160803,1153816,1149080,1145777,1143355,1141919,1141913
kwt,Kuwait,23102,23989,25536,27161,28543,29749,31017,32071,33645,36639,41866,46653,53953,63400,74029,84984,96787,108316,119571,130835,141982,151978,164681,178652,191438,200916,206441,208463,207922,208167,212351,216540,227225,242375,257311,268048,280661,285553,281551,269077,249005,226503,204998,186420,174524,173954,172243,181561,198806,216382,226080,230201,226343,217521,211043,213145,211498,220877,238356,257687,273634,291110,301118,304468,304089,302482,305169,304748,301984,296871,289689,282070,272923,263130,254540,248553,243161,242944,246524,251451,256090,265031,271013,274957,278655,283406,288923,294347,299709,304513,308396,311659,314365,316358,317505,317635,316980,315780,314046,311822,309100,305706,302580,299714,297161,294935,292851,291769,291482,291746,292394,294017,295632,297339,299325,301737,304508,307259,309997,312630,315092,317230,318986,320395,321488,322250,322282,322252,322103,321739,321054,320004,319083,318208,317305,316316,315543,314940,314478,314160,313982,314269,314748,315405,316212,317140,318482,319855,321222,322568,323912
lao,Lao,274742,286269,296779,305712,313271,320394,329930,336368,341247,346134,352299,359057,366533,374849,383753,393288,405236,415538,425140,435539,448041,463730,479336,494275,507088,516965,532099,541437,547490,554172,564860,574167,585827,600194,617176,636896,658800,681339,704195,726971,749619,777541,800341,817955,829821,836068,843256,838552,825821,810628,797215,777933,765695,759466,756930,756531,759756,765788,773094,779775,784687,795473,795804,789546,782957,781052,778022,780948,787932,794315,796887,801555,799094,791449,782596,775389,766555,760386,756209,752137,746961,743095,737740,731254,724690,718859,714510,709904,705194,700313,695361,691784,687128,681688,675861,670010,664906,659166,652979,646498,639904,633947,627597,620981,614282,607689,601996,596116,590114,584053,578061,573260,567900,562174,556365,550743,546119,541161,535994,530719,525477,521127,516303,511155,505878,500674,496168,491308,486232,481104,476103,471749,467188,462493,457748,453083,449157,444837,440265,435621,431095,427235,423076,418732,414330,410029,406380,402452,398374,394288,390336
lbn,Lebanon,180936,196192,215220,233618,249689,263924,282060,291980,297232,301556,307588,309419,316922,327817,337503,342471,347616,347988,345041,342498,343396,345379,350248,356840,362208,363782,368048,369518,368431,366052,363907,363476,360693,356772,352916,350024,343643,339031,337603,341875,354309,364304,381929,403462,421703,430226,440189,437747,427190,417235,415787,417973,423452,430747,433424,425243,413317,393222,370066,357536,370759,406289,457373,521004,579919,613370,630480,631950,616545,591917,566127,539967,523356,513362,504468,493735,489270,477218,460969,445701,434809,420969,410114,402223,395701,389433,382347,376047,370303,365219,360756,357351,354203,351331,348852,346965,346706,346273,345800,345411,345231,345953,346289,346289,345943,345264,344721,343586,341920,339787,337207,334312,331197,327861,324301,320497,316668,313002,309422,305889,302383,299471,296677,294003,291476,289136,287659,286190,284743,283344,282028,281476,280746,279854,278796,277592,276807,275690,274299,272694,270898,269229,267489,265627,263558,261228,259168,256955,254583,252103,249591
lbr,Liberia,144617,147107,153510,160304,166619,172712,182622,187965,190767,193195,197091,201338,205902,211042,216410,222040,229058,234679,239617,244945,251643,259910,267689,275492,283738,292968,303696,312767,321217,330647,342443,356580,371525,385623,395230,397013,400118,397064,388675,377379,366225,355015,340273,327369,324494,339845,358765,388221,425268,460598,484760,511169,526350,532844,538432,550864,567251,585734,606166,625709,641398,655491,667319,676953,685320,693427,702542,711520,720608,730151,740493,752317,764485,776934,789427,801921,816331,828753,839824,850433,861337,872686,883545,894079,904267,914169,924496,934103,943144,951834,960398,969637,978188,986186,993738,1001000,1009022,1016036,1022342,1028346,1034400,1041083,1047536,1053782,1059730,1065389,1072033,1077695,1082618,1087177,1091686,1096924,1101684,1106003,1109813,1113129,1117169,1120097,1122182,1123848,1125422,1127428,1129284,1130900,1132010,1132483,1133782,1133843,1132993,1131787,1130648,1129984,1129445,1128898,1127980,1126499,1126005,1124351,1121847,1119038,1116326,1114088,1111886,1109625,1107045,1103959,1101643,1098304,1093996,1089040,1083863
lby,Libya,174164,181309,190837,199713,207507,215078,225553,232539,238263,244860,253960,263701,275598,289814,306019,324141,344972,366442,388403,410648,433148,457453,478675,497473,514766,531398,546811,560471,572820,584069,594366,601821,608013,613047,617428,621451,626199,632710,639520,643935,644143,645983,639494,627188,613516,601727,587099,578641,575061,573299,571204,571342,570911,570536,572338,577768,587139,600288,615463,629355,639619,654587,662243,664265,663695,663239,658640,651178,642209,632962,623998,609446,600748,595785,591290,584964,581198,574479,565699,557030,550035,544294,539628,536137,533452,531413,530886,530974,531483,532223,533085,535554,537048,537761,537967,537870,537992,537418,536172,534167,531327,528027,524122,519674,514788,509517,503862,498479,493285,488187,483121,478517,474239,470250,466563,463214,460795,458461,456268,454294,452617,451668,450653,449617,448570,447531,446799,445837,444641,443170,441398,439581,437383,434849,432050,429011,425790,422604,419398,416084,412607,409354,406150,402984,399855,396740,394209,391766,389402,387156,385164
lca,St. Lucia,11770,11990,12068,12196,12446,12821,13161,13797,14589,15380,16024,16617,16979,17136,17236,17477,18009,18465,18887,19204,19291,18751,18340,17981,17651,17351,16985,16791,16715,16684,16629,16584,16508,16434,16423,16513,16335,16518,16938,17380,17639,17646,17694,17714,17678,17575,17381,17123,16790,16361,15844,15286,14587,13818,13104,12538,11965,11602,11414,11313,11195,11100,11070,11057,11038,11018,11161,11156,11059,10931,10826,10673,10547,10440,10323,10171,9982,9796,9610,9421,9236,9049,8878,8721,8569,8422,8300,8174,8048,7931,7822,7741,7664,7599,7534,7477,7440,7400,7355,7310,7263,7224,7178,7124,7066,7004,6940,6876,6810,6741,6671,6603,6540,6479,6418,6356,6301,6245,6187,6133,6079,6036,5998,5960,5919,5880,5852,5823,5790,5755,5721,5694,5663,5630,5596,5561,5529,5497,5468,5436,5400,5368,5336,5303,5269,5229,5196,5162,5128,5095,5058
lka,Sri Lanka,1263415,1302266,1319210,1333748,1358023,1396267,1423428,1471542,1529670,1584527,1627202,1678952,1699350,1698606,1695601,1704141,1703067,1722083,1754112,1783328,1798857,1820670,1818954,1802186,1787616,1787543,1785111,1807244,1845526,1883661,1910559,1951467,1968384,1966145,1954149,1939524,1916273,1883178,1845596,1809656,1779475,1738053,1722426,1723478,1725520,1716268,1717261,1700513,1672282,1648128,1641320,1646212,1664599,1693447,1722992,1746421,1780954,1796203,1797105,1792258,1787837,1775910,1764381,1753328,1741510,1728355,1712612,1700697,1690149,1677468,1660410,1647850,1624296,1594105,1564579,1540976,1516091,1501261,1493854,1488520,1481931,1483513,1479144,1470457,1460952,1453293,1448959,1442519,1434680,1425339,1414674,1404284,1391474,1376729,1360685,1343836,1326757,1308928,1290546,1271874,1253241,1236019,1218653,1201369,1184499,1168470,1155571,1142153,1128571,1115295,1102880,1093926,1083773,1072876,1061729,1050875,1042626,1032761,1021707,1009909,997862,987330,975248,962071,948241,934158,921281,907517,893104,878358,863656,851012,837709,823975,810169,796749,786214,774844,762982,751010,739361,730805,720971,710253,699182,688357,680108,670632,660316,649449,638224
lso,Lesotho,119394,122534,124712,126561,128560,131062,134058,137061,140078,143104,146229,150107,153124,155680,158364,161686,165504,169416,173536,177916,182734,188646,194016,199187,204631,210797,217560,223772,229629,235309,241051,247818,253770,258961,263359,267060,271401,273875,275099,275875,276786,276580,276243,275750,275151,274656,275739,277081,278347,278667,276930,275034,272825,269938,266618,263765,263477,260315,255828,251837,249721,247747,245870,244349,243376,243819,248552,251067,252292,252949,253513,254703,253309,250315,247137,245139,243551,242773,242746,242868,242691,243260,242620,241157,239627,238671,238421,238030,237627,237216,236888,237444,237219,236476,235553,234788,234647,233873,232712,231404,230206,229512,228387,227001,225518,224135,223395,222152,220595,218945,217438,216615,215292,213656,211895,210218,209185,207573,205617,203602,201801,200553,199027,197355,195643,194043,193135,191704,189939,188052,186277,185094,183364,181319,179237,177385,176036,174491,172847,171141,169483,168518,166930,164944,162868,161012,159659,158003,156227,154423,152656
ltu,Lithuania,222341,225780,235202,245548,254772,262097,273133,277469,277231,275615,276430,281898,284593,286212,286988,286429,282046,277992,274145,270737,267923,263660,263109,264680,266103,265857,268449,266644,262248,258429,257361,255266,257872,263764,270337,275909,283798,289197,291988,292128,289191,284575,276626,265979,253818,241355,227388,214615,203145,192685,182628,171047,162557,156238,151323,147437,147037,146658,146446,146665,147539,151029,152745,152908,152057,151395,152697,151407,149183,147196,145118,135268,130750,129302,128213,125855,124294,121679,118147,114512,111312,109084,106072,102802,99802,97507,95242,94112,93923,94283,94942,96476,98114,99765,101434,103155,105524,107191,108331,109077,109512,109574,109184,108390,107257,105827,103720,101783,99935,98045,95975,93824,91766,89743,87803,86018,84574,83266,82141,81243,80597,80429,80382,80446,80619,80930,81690,82326,82862,83314,83722,84246,84518,84585,84459,84139,83645,82964,82115,81112,79952,78647,77383,76114,74797,73398,72159,70921,69712,68637,67851
lux,Luxembourg,19000,18845,19196,19730,20344,21000,22045,22785,23332,23823,24347,24684,25048,25396,25611,25630,25542,25296,24916,24449,23934,23281,22574,21879,21287,20827,20227,20090,20257,20479,20578,20895,21003,20970,20972,21146,21380,21690,22108,22644,23313,23970,24800,25734,26621,27328,27923,28302,28473,28502,28415,28081,27806,27597,27489,27527,27463,27593,27903,28356,28854,29118,29628,30260,30877,31412,32157,32630,32903,33088,33249,33440,33707,34013,34263,34383,34487,34521,34500,34472,34472,34464,34555,34713,34877,35002,35216,35359,35462,35562,35698,35869,36086,36341,36603,36854,37170,37474,37766,38043,38304,38611,38894,39151,39386,39591,39815,40028,40234,40419,40577,40755,40936,41117,41283,41427,41609,41790,41962,42125,42273,42473,42679,42883,43079,43259,43507,43755,44000,44232,44438,44715,44976,45220,45445,45641,45891,46136,46367,46573,46741,46966,47182,47380,47554,47691,47894,48092,48282,48450,48583
lva,Latvia,149871,148873,149001,149957,151720,154505,159137,162116,164060,165701,167687,169368,171113,172678,173348,172680,171616,168638,164733,161774,160956,158858,162382,169265,175605,178682,184285,183294,178144,173360,172012,167936,170634,178037,186360,193074,201936,207901,210635,209896,205150,198946,187510,172587,156961,142927,125459,113274,105567,100597,96607,92496,92440,94737,97768,100714,108784,112548,113354,112956,112517,110478,107290,103895,101509,100901,98028,101080,107315,112514,114020,118997,114834,104786,94372,87379,76234,72333,73550,75559,75475,77575,76648,73514,70415,68890,67761,67662,68519,69637,70594,71964,73080,73936,74708,75514,76389,77049,77542,77864,77988,77846,77569,77125,76457,75536,74361,73035,71596,70116,68627,67013,65622,64397,63290,62277,61519,60873,60356,59981,59767,59913,60067,60237,60430,60663,61129,61456,61677,61827,61931,62003,61993,61900,61706,61376,60945,60430,59828,59150,58395,57616,56868,56118,55340,54532,53869,53186,52511,51914,51481
mar,Morocco,1388349,1500006,1643183,1781256,1902386,2010606,2159945,2248420,2301341,2345992,2403864,2453083,2522365,2604788,2681312,2739634,2812868,2850839,2862437,2865421,2875169,2892668,2902872,2912585,2927677,2954915,2995039,3035624,3079176,3129309,3190797,3278206,3355728,3422179,3471845,3502783,3544178,3530682,3481686,3427444,3390725,3334927,3320972,3333325,3340998,3323340,3328126,3281966,3203176,3126570,3076786,3020849,3009295,3030272,3058567,3078572,3126311,3142824,3140497,3145092,3175822,3213681,3276522,3353073,3417863,3454299,3501389,3487630,3432555,3370416,3325038,3248549,3217260,3217341,3221108,3209274,3209648,3190390,3156069,3120388,3092999,3071498,3052992,3038249,3024841,3011739,3004225,2996191,2987658,2979169,2971241,2968711,2963478,2956090,2947075,2936994,2929007,2917834,2904119,2888531,2871587,2854465,2836170,2816734,2796050,2774098,2753083,2731021,2708202,2685210,2662548,2642637,2623155,2604006,2584999,2566189,2552078,2536636,2520289,2503648,2487306,2474946,2461309,2446758,2431607,2416208,2403603,2389915,2375321,2359892,2343711,2329841,2314660,2298348,2281241,2263656,2248297,2232422,2216067,2199181,2181739,2167560,2152543,2136698,2120174,2103181,2090162,2076001,2060811,2044793,2028271
mda,Moldova,202686,222666,249001,274690,298375,321472,353688,373451,385003,392337,398446,398611,399716,400940,399496,393295,382122,369376,356227,345880,340259,333639,338679,350977,363334,370868,387163,390239,384487,378353,378487,378329,385120,397269,409918,419214,428943,435445,437667,434981,427077,418257,400517,376810,351650,328279,299411,278801,264501,252816,241227,232803,224071,215426,208724,205482,207135,209667,213171,216861,220201,224084,225621,225327,223996,222133,218014,214022,210194,206427,202520,196708,193035,190580,188151,184902,182680,178864,173986,169113,165001,160964,157813,155440,153428,151525,150258,149057,147919,146940,146198,146023,145671,145204,144653,144061,143517,142713,141712,140567,139315,137777,136238,134672,133039,131306,129446,127632,125850,124087,122335,120703,119111,117563,116092,114736,113604,112543,111557,110643,109812,109173,108489,107789,107120,106510,105914,105304,104682,104046,103386,102625,101811,100955,100066,99139,98096,97041,95969,94890,93812,92733,91714,90741,89794,88848,88069,87259,86418,85588,84850
mdg,Madagascar,630876,669675,714990,755960,790299,820919,864853,889656,904219,917539,936738,953143,975650,1003807,1034095,1064583,1100324,1131139,1159238,1188657,1223006,1263882,1302036,1339510,1378052,1419743,1467372,1510977,1552290,1593011,1635437,1683439,1724142,1761164,1798829,1840786,1885424,1931618,1980624,2033502,2092168,2160867,2226883,2292714,2362034,2438716,2527130,2611191,2691856,2768570,2842102,2921448,2982757,3032413,3079357,3130541,3176942,3231242,3291452,3352221,3410085,3472738,3528003,3579656,3635036,3699601,3768772,3847879,3934343,4022642,4109427,4207063,4292918,4370228,4444635,4520530,4596922,4671426,4744334,4814277,4880474,4945375,5006339,5064367,5121395,5178761,5236338,5296255,5357580,5418631,5478388,5543365,5604220,5662224,5719731,5778604,5841365,5904004,5966131,6026482,6084381,6146293,6202546,6254143,6302648,6349251,6396649,6441495,6484081,6524438,6562639,6602072,6640112,6676558,6711218,6744009,6780159,6813693,6844819,6873915,6901363,6932485,6960744,6986264,7009010,7029059,7052199,7071304,7086960,7099972,7110951,7123965,7135281,7144760,7152089,7157080,7165219,7170952,7174042,7174136,7171030,7171284,7167063,7159007,7148089,7135293,7124271,7112381,7100081,7086750,7070783
mdv,Maldives,10157,9943,10024,10305,10797,11488,12418,13309,14161,14989,15835,16931,17724,18309,18812,19345,19926,20446,20948,21471,22062,22630,23161,23669,24164,24674,25345,25857,26366,27100,28242,29549,31366,33492,35581,37418,39699,41127,41877,42257,42515,42468,42213,41762,41015,39913,38350,36610,34819,33181,31845,30180,29112,28563,28422,28601,28923,29805,31076,32509,33981,35423,36266,36706,37005,37292,36961,36861,36797,36442,35579,34988,34332,33589,32782,31935,30984,30021,29087,28286,27675,26880,26421,26224,26171,26171,26332,26513,26710,26936,27193,27547,27831,28054,28212,28295,28283,28208,28069,27864,27576,27108,26691,26295,25886,25437,24908,24460,24071,23716,23383,23086,22867,22707,22591,22497,22480,22491,22521,22560,22596,22658,22722,22778,22812,22803,22748,22690,22627,22535,22391,22162,21963,21779,21585,21353,21061,20825,20622,20429,20227,20015,19862,19747,19645,19540,19458,19396,19341,19286,19236
mex,Mexico,4867290,5086974,5353115,5605079,5832726,6048924,6331168,6533293,6694207,6851083,7031681,7203277,7400925,7624177,7861863,8107366,8378013,8649728,8918993,9185241,9450478,9755510,10015510,10236424,10424699,10588954,10753077,10860988,10928769,10974529,11010897,10999944,11004491,11022624,11052896,11093766,11142737,11232193,11342633,11444170,11515972,11635897,11667108,11633090,11578261,11541118,11489280,11461102,11456848,11460213,11451009,11399019,11381936,11379814,11375821,11366225,11394496,11362640,11296339,11234491,11202865,11162556,11170676,11208243,11237317,11234088,11264091,11225505,11138540,11040956,10958742,10858621,10790031,10743117,10694923,10630182,10577020,10505141,10418441,10328395,10243032,10164521,10087751,10012786,9936991,9859200,9791942,9721286,9648036,9573894,9500306,9437711,9373033,9306789,9239490,9171844,9114419,9054708,8992777,8928281,8861133,8802952,8739441,8671963,8602609,8532952,8469549,8407360,8345910,8284297,8221991,8169441,8116492,8062549,8007044,7949745,7903456,7852417,7797803,7741266,7683978,7634779,7585315,7535190,7483716,7430540,7387048,7342534,7296528,7248637,7198613,7159443,7117316,7072350,7024874,6975197,6934920,6892552,6848300,6802227,6754148,6715493,6676527,6636425,6594364,6549763,6516526,6481218,6443511,6403777,6362877
mkd,North Macedonia,170612,183725,196128,204772,208928,209830,213971,212395,207942,203232,199846,192709,190360,191594,194039,195980,199340,201982,203518,203906,203313,204659,201928,196921,192133,189326,184151,183184,185165,187665,188754,190436,191215,190860,189707,188102,187596,185141,181407,177301,173578,169277,166012,163520,161080,158210,154968,150490,145304,140378,136314,131442,128674,127288,126009,124033,123469,121025,117488,114361,112711,110975,111379,113234,115108,116021,117784,117528,115794,113664,111883,109308,107412,106042,104724,103135,101362,99762,98217,96703,95186,93991,92605,91116,89664,88356,87213,86169,85240,84408,83672,83111,82633,82217,81862,81562,81438,81264,81042,80780,80479,80218,79815,79298,78701,78046,77293,76514,75712,74877,74006,73089,72211,71362,70521,69682,68921,68160,67410,66700,66052,65514,65014,64559,64141,63757,63482,63184,62875,62571,62287,62049,61792,61515,61213,60881,60556,60183,59767,59319,58835,58354,57856,57343,56800,56228,55702,55161,54608,54052,53513
mli,Mali,740898,758924,785656,809390,828162,844738,877818,889194,888548,886265,891360,901169,910516,921479,933751,948904,975863,992344,1003146,1015025,1034763,1067241,1091489,1111795,1132029,1156732,1193442,1219266,1239344,1259852,1287084,1326326,1358828,1387066,1412424,1437506,1477285,1502531,1520806,1542534,1577350,1617081,1658760,1703753,1751041,1801211,1863183,1912918,1957030,2005290,2066891,2140554,2214634,2291796,2373789,2463635,2570891,2669441,2761040,2846556,2928051,3021222,3092941,3151302,3207163,3269549,3327437,3391064,3460191,3532110,3605514,3685925,3762028,3835868,3911201,3991697,4083007,4168737,4251052,4331827,4413563,4503134,4582437,4654938,4724956,4796494,4871479,4942274,5009671,5073429,5134197,5199891,5254560,5301487,5345420,5390499,5439125,5484869,5528713,5570907,5612448,5661732,5703864,5740701,5774669,5808313,5849470,5882564,5910210,5935452,5961233,5992872,6020274,6044588,6066679,6087861,6116524,6138512,6155180,6167911,6178383,6195534,6203606,6205588,6205539,6206882,6213226,6219704,6225649,6229047,6229106,6238929,6238252,6229751,6217499,6204916,6197720,6186261,6171925,6155663,6138665,6127346,6113372,6097470,6080276,6062259,6052325,6037647,6018614,5996953,5976083
mlt,Malta,47000,48849,46675,43883,41709,40549,36889,36259,37422,38915,39441,38450,37649,36577,35227,33649,32190,30109,27819,25871,24623,22927,22822,23809,25053,25999,27729,28511,28601,28543,28718,28815,28872,28926,28896,28767,28555,28283,27951,27596,27256,26982,26664,26344,26048,25767,25278,24953,24707,24386,23865,23345,22556,21591,20662,19976,19471,19227,19208,19321,19530,20128,20539,20842,21100,21324,21449,21547,21615,21656,21674,21598,21628,21711,21761,21713,21662,21507,21262,20979,20680,20326,20008,19722,19444,19157,18872,18635,18435,18264,18119,18033,17973,17942,17934,17945,18013,18079,18145,18206,18267,18344,18412,18466,18505,18515,18512,18498,18467,18407,18319,18213,18102,17983,17844,17685,17524,17368,17220,17076,16931,16802,16704,16628,16558,16492,16468,16454,16442,16431,16419,16445,16472,16497,16518,16521,16543,16554,16562,16554,16525,16498,16473,16440,16395,16324,16260,16192,16117,16031,15930
mmr,Myanmar,2487133,2650084,2842560,3009445,3141177,3253677,3429998,3517036,3556089,3586443,3636663,3663394,3721028,3805323,3899564,3994462,4111765,4217995,4314953,4408061,4502477,4617668,4699865,4761227,4817610,4882906,4950014,5017009,5085245,5153484,5222264,5303466,5373155,5429098,5466243,5482871,5510847,5485976,5424149,5348466,5276911,5194512,5129709,5083593,5054443,5042426,5052380,5081455,5122268,5165890,5207087,5296042,5345822,5362486,5353704,5328458,5309798,5241833,5143852,5040175,4948745,4819320,4727929,4666167,4618772,4574474,4545614,4528327,4517676,4510993,4508556,4537891,4536486,4516180,4493385,4480534,4466239,4459467,4458315,4455326,4445619,4437939,4423151,4401512,4375171,4345561,4316749,4282472,4244395,4204563,4164570,4124823,4088020,4053227,4018786,3983788,3955087,3923948,3891542,3860048,3831262,3808243,3785904,3764553,3744099,3724809,3710906,3695637,3679310,3662189,3644659,3630145,3612381,3592273,3570927,3549217,3527519,3505484,3483065,3459956,3436015,3412940,3389202,3364877,3340176,3315337,3292276,3268483,3244441,3220888,3198477,3178085,3158802,3140462,3122691,3105389,3090917,3075351,3059173,3043161,3027971,3014104,3000004,2985748,2971279,2956682,2942592,2927467,2911461,2894781,2877458
mne,Montenegro,48376,49832,52245,54855,57188,59092,61743,62939,63224,63330,63881,64071,65042,66328,66922,66010,64903,62456,59170,56160,54345,52381,51851,52405,53167,53436,54087,53721,52696,51782,51522,51162,51703,52788,53703,53975,54922,54711,53703,52521,51538,49688,48558,47883,47209,46261,45522,44520,43359,42306,41573,41074,40695,40469,40356,40301,40295,40279,40210,40030,39728,39654,39123,38348,37632,37166,36432,36312,36588,36874,36906,37173,36953,36393,35779,35311,34724,34350,34136,33944,33674,33443,33156,32822,32487,32185,31930,31680,31436,31199,30965,30774,30579,30382,30190,30007,29852,29696,29534,29373,29208,29058,28886,28697,28502,28306,28117,27925,27733,27531,27322,27131,26925,26708,26483,26257,26056,25853,25648,25443,25242,25074,24901,24729,24557,24386,24248,24102,23946,23790,23629,23500,23359,23211,23053,22889,22752,22604,22448,22280,22109,21965,21815,21655,21491,21317,21177,21031,20875,20712,20548
mng,Mongolia,95315,99502,106075,113466,120306,126221,134751,139811,143165,147239,154059,161249,171874,184626,196766,206492,217855,223251,224657,225649,228934,230806,236486,244780,252944,259103,266690,270256,271105,271869,274535,277107,281487,287508,294516,302144,312095,321494,329077,332912,332053,334266,326280,311691,295758,282052,261720,249627,243594,239366,233940,230187,225536,220868,218903,221602,227558,237882,251736,267397,283893,304899,323222,338989,352346,363481,374176,379325,380273,378629,375460,366922,360009,354250,348745,342707,335233,330230,326868,324398,322309,322973,322806,322253,322113,323057,325824,328452,331155,333940,336883,340434,343664,346623,349365,351911,354345,356547,358402,359699,360279,360523,359938,358653,356889,354779,352048,349421,346865,344290,341631,339002,336669,334590,332771,331232,330354,329685,329208,328889,328731,329294,329581,329696,329771,329920,330259,330482,330596,330561,330349,330068,329612,328966,328111,327000,325808,324428,322870,321171,319359,317613,315934,314295,312619,310849,309494,308061,306548,305043,303716
moz,Mozambique,1017648,1041071,1056488,1069583,1083907,1103035,1128958,1150579,1171050,1194193,1224023,1262263,1298596,1334633,1371237,1409859,1456777,1494323,1526341,1557960,1594279,1636755,1674000,1709986,1749249,1796433,1851391,1902238,1950473,1997080,2043519,2112710,2170605,2215615,2243216,2252344,2286199,2281843,2260925,2258157,2304883,2340264,2412886,2515147,2624947,2721931,2829098,2917468,2992321,3068642,3161349,3278055,3393832,3509278,3620594,3726470,3848035,3942923,4020577,4094717,4176654,4256094,4342394,4436003,4534167,4635479,4739740,4842100,4943843,5047829,5156628,5274282,5388621,5500900,5611889,5723068,5841605,5950973,6053859,6153636,6253327,6354600,6451611,6545626,6637630,6728750,6822169,6912586,7000175,7084865,7167035,7253769,7332795,7406100,7476501,7546407,7619287,7689578,7757581,7822877,7885556,7952933,8014366,8071424,8126587,8181879,8241517,8300121,8357257,8411621,8462636,8519978,8569629,8613058,8652495,8689751,8730070,8766311,8799231,8829453,8857585,8889122,8918888,8946161,8969606,8988489,9012930,9029220,9039235,9046014,9051831,9060406,9069012,9076788,9081625,9082238,9088510,9088297,9083248,9076491,9070302,9068077,9067145,9066294,9063168,9055789,9055359,9046448,9028813,9004613,8977492
mrt,Mauritania,114612,118023,121012,124019,127575,132120,137805,143185,148400,153575,158983,165649,170815,175098,179336,184303,189991,195500,201047,206673,212522,219369,225379,230899,236430,242468,249651,256116,262250,268481,275285,283508,290983,298053,305103,312581,321874,330357,338292,345860,353349,362025,369080,375231,381441,388503,395865,404033,412994,422512,432584,443921,454279,464201,474540,486081,498845,511303,523917,537165,551551,567356,583142,598792,613932,628482,644648,657697,668659,679010,689874,700322,711514,723272,734997,746349,758852,770404,781263,791963,802987,815438,827060,838243,849412,860988,873882,886419,898733,910874,922991,936580,948993,960591,971889,983335,995834,1007750,1019220,1030281,1041058,1052945,1063713,1073643,1083095,1092410,1102638,1112132,1121093,1129713,1138206,1147721,1156591,1165011,1173244,1181542,1191065,1200135,1208793,1217001,1224811,1233902,1241565,1248253,1254631,1261231,1268513,1275930,1283331,1290299,1296613,1304161,1310177,1315029,1319309,1323487,1328249,1332616,1336670,1340423,1343926,1348253,1352116,1355552,1358589,1361215,1364926,1367570,1369109,1369702,1369817
mus,Mauritius,89055,91566,94698,98613,102808,106872,111270,114650,117250,119712,122634,125539,129052,132532,134794,135120,135839,132607,126747,120454,115325,108673,104880,103266,102564,102186,104745,106405,107476,108354,108899,108373,107908,107191,105943,104340,103610,101720,99423,97954,98182,98265,101094,105510,109330,111010,113882,112103,107183,101975,98585,93780,92657,94033,95400,95010,95629,93383,89065,84448,80784,76511,73625,71867,70463,68946,67975,66921,65790,64784,64048,63932,63584,63137,62676,62294,62008,61687,61359,61024,60684,60276,59965,59683,59339,58864,58411,57785,57023,56200,55365,54453,53608,52814,52047,51286,50552,49898,49305,48762,48271,47909,47569,47252,46967,46727,46591,46448,46302,46148,45989,45873,45722,45533,45312,45059,44798,44517,44211,43876,43511,43131,42758,42381,42001,41599,41227,40862,40495,40131,39771,39475,39199,38936,38685,38447,38275,38109,37957,37801,37639,37535,37415,37273,37106,36927,36773,36607,36431,36239,36012
mwi,Malawi,569451,575528,571576,567663,568941,577544,585410,600314,619602,640628,662328,693203,714603,730071,745388,765573,790417,813344,836025,859262,884670,915959,942147,966065,991408,1021697,1057835,1092908,1127600,1161448,1195237,1232790,1259237,1284419,1323361,1388199,1452458,1535250,1623886,1693992,1726730,1787056,1800342,1782565,1765313,1776769,1797015,1835906,1892134,1954581,2013864,2078547,2132152,2179096,2229020,2290104,2357654,2429777,2503827,2572697,2632444,2694862,2729910,2746578,2758829,2777065,2781814,2801736,2835168,2877113,2923943,2976717,3038921,3106619,3175615,3243317,3325923,3390646,3442817,3490478,3539960,3586584,3633091,3679647,3724203,3765359,3803323,3840724,3877098,3912549,3947072,3982954,4017798,4051463,4083734,4114666,4148750,4178788,4206068,4232570,4259851,4288957,4318905,4348873,4377073,4402413,4431096,4453780,4471930,4488098,4504154,4520513,4537297,4553731,4568011,4578968,4592096,4600381,4604682,4606660,4607508,4609163,4609851,4609480,4607532,4603734,4602118,4598462,4592968,4586112,4578294,4573156,4566461,4558323,4548762,4537882,4529838,4519613,4507496,4493845,4478975,4466413,4452291,4436820,4420175,4402555,4387265,4371196,4354572,4337538,4320048
mys,Malaysia,1019700,1089541,1144622,1197687,1247014,1292062,1331241,1366507,1399771,1435758,1478126,1513589,1566404,1626964,1679549,1712905,1750023,1752439,1731741,1709371,1700923,1675101,1685097,1721890,1766544,1804394,1846010,1881108,1910777,1942146,1980246,2021899,2068863,2120639,2174321,2228386,2280498,2325715,2365254,2401759,2437331,2468663,2500097,2532239,2564671,2595647,2616476,2643220,2669000,2684759,2685612,2690591,2667169,2625462,2580913,2544143,2490847,2459611,2447459,2444631,2439851,2422399,2430351,2452535,2478935,2504056,2553619,2585919,2605619,2620281,2635111,2649022,2656155,2658419,2655832,2648111,2628862,2612868,2597786,2580468,2558146,2531541,2505034,2477885,2450025,2421135,2392798,2365288,2338960,2314526,2292441,2273125,2258332,2247241,2238544,2231287,2229388,2227709,2226348,2225726,2226040,2229109,2232100,2234577,2235503,2233967,2232139,2227502,2220282,2210843,2199115,2184180,2169861,2155535,2140254,2123072,2104545,2087447,2071240,2055508,2039720,2025462,2013284,2002537,1992527,1982696,1975755,1969289,1963372,1958080,1953181,1950029,1948137,1946857,1945195,1942289,1940511,1938088,1934752,1930299,1924338,1917884,1911598,1905014,1897429,1888088,1878243,1868981,1859911,1850505,1839945
nam,Namibia,80681,83275,86184,88958,91538,94106,97564,99923,101714,103525,105870,108429,111262,114413,117723,121136,125082,128536,131884,135808,140821,146579,153414,160773,167615,173254,180668,185365,188164,190428,193236,195064,197538,200916,205370,211098,216120,222354,229208,235774,241329,248519,253611,256987,259351,261304,263609,265324,266424,266539,265430,263737,260648,257149,255023,255553,256059,261428,270135,279616,288161,300504,308713,313885,318005,322587,326425,329521,332208,334399,336078,336155,336837,337856,338864,339588,340292,340856,341335,341956,342899,344451,346027,347674,349389,351226,353753,355879,357744,359533,361418,363593,365593,367447,369147,370702,372403,373812,374923,375714,376178,376691,376713,376343,375716,374932,374068,373175,372273,371378,370517,369910,369472,369116,368687,368112,368098,367543,366629,365649,364814,364142,363625,363213,362759,362181,361897,361375,360626,359679,358572,357616,356304,354749,353085,351417,349717,348176,346733,345274,343727,342450,341040,339523,337982,336475,335249,333961,332605,331165,329660
ner,Niger,514872,528257,546279,564639,582858,601864,629337,649123,664813,680564,700448,724140,746190,768028,790214,813987,842666,865908,886049,905982,928778,957049,979744,1000173,1022204,1049692,1085181,1117132,1147765,1179899,1217656,1271532,1315409,1353650,1390466,1430492,1480314,1515468,1543217,1573430,1616305,1672566,1726439,1782163,1843246,1914676,2009436,2093299,2172025,2252597,2342970,2455894,2553949,2644650,2736898,2840092,2960305,3073537,3185153,3300070,3423709,3559852,3690051,3818030,3947465,4082456,4228159,4367036,4503387,4642083,4787474,4940603,5094685,5251100,5410779,5575488,5752496,5924603,6094497,6265784,6442182,6629653,6811389,6989858,7167456,7346990,7534759,7714622,7889229,8061598,8234817,8413840,8586277,8754000,8918783,9082737,9252584,9414291,9570084,9722673,9874788,10032995,10184451,10330539,10472341,10611429,10757437,10893054,11021091,11145328,11269169,11399058,11524156,11645082,11761707,11874666,11996526,12107439,12209617,12306099,12399709,12500423,12592621,12677843,12757319,12832557,12914931,12988635,13055401,13117377,13176624,13243865,13304869,13360738,13412759,13462392,13522400,13575965,13623073,13662906,13695504,13738476,13766311,13782333,13791326,13798137,13808460,13817381,13827342,13836899,13841203
nga,Nigeria,6329574,6424557,6480175,6537868,6623690,6754053,6917876,7076182,7233074,7397039,7584631,7842500,8043483,8211878,8377149,8567994,8802195,8999304,9185026,9389287,9641499,9940516,10248023,10574840,10929730,11327345,11795730,12217209,12607755,12984772,13367015,13820366,14205560,14547567,14873974,15214373,15586634,15905373,16195239,16483852,16798895,17160503,17497252,17830170,18182903,18583369,19088801,19562507,20029439,20521253,21074261,21762206,22402725,23022562,23648676,24314339,25077785,25754299,26384573,27017367,27695441,28405418,29107559,29803348,30478641,31132119,31830807,32411762,32917192,33409364,33938795,34470726,35022483,35597127,36183953,36781438,37440042,38056070,38645804,39234979,39848916,40529359,41158133,41755526,42342415,42941310,43587667,44183079,44743890,45286476,45828915,46409598,46935897,47422165,47882345,48332476,48817180,49237742,49616760,49983846,50365386,50783359,51189835,51585099,51960149,52314888,52736890,53065840,53332065,53580692,53849167,54154849,54452875,54745195,55022101,55282471,55607670,55862191,56065922,56248807,56436765,56673451,56876431,57054929,57214169,57362801,57567568,57723748,57841064,57930220,58003145,58128798,58195874,58220614,58222718,58220077,58259508,58274490,58271230,58253839,58229029,58261971,58259009,58229368,58184823,58136720,58146794,58119089,58060356,57978968,57888417
nic,Nicaragua,211440,225088,247804,270032,289384,306446,331309,344893,351812,356693,363226,366842,372953,381433,390477,398926,407506,416131,425050,435272,447584,462824,478782,495413,512396,529752,550511,568039,583315,597877,613030,629693,645970,661243,674041,683579,693524,697252,696801,695591,696176,693417,694648,698285,701007,700340,699899,694793,686398,677633,670580,662108,657635,656332,656426,656677,658212,659914,661604,663485,665690,668497,670204,671056,671258,670986,669274,667078,664390,661063,656942,650943,645017,639183,633599,628329,622298,617531,613639,610103,606533,603950,601001,597768,594500,591406,589070,586398,583519,580511,577443,574493,571570,568572,565333,561735,558153,554306,550205,545879,541320,536654,532043,527449,522835,518160,513636,509438,505417,501388,497214,493570,489768,485832,481853,477884,474267,470789,467388,463941,460341,457079,453810,450484,447058,443468,440114,436785,433424,429961,426314,422855,419472,416088,412626,409021,405659,402443,399269,396018,392570,389473,386372,383215,379978,376642,373616,370757,368012,365283,362412
nld,Netherlands,1190373,1203555,1170528,1137864,1119042,1112388,1065788,1068069,1097165,1131404,1155795,1197863,1218616,1221831,1219983,1222325,1229036,1228686,1223717,1213127,1196430,1170934,1141158,1107968,1072839,1036774,995422,959539,929037,904034,884110,866772,860990,863293,869319,876662,897737,910155,917097,923636,933606,945025,956666,968467,978017,983169,983310,980246,975092,971265,971263,968776,976931,990912,1002033,1003697,1007282,994856,971484,947152,929004,904318,893837,893438,894460,890687,890307,883660,872822,863307,858900,855174,858111,865651,873312,878091,886488,888721,886464,882990,880428,875652,873262,872416,871107,867859,864059,859789,854821,849380,843483,837563,831901,826472,821175,815828,810944,807017,803739,800806,797986,796429,795381,794690,794208,793755,794331,795054,795728,796044,795702,795638,795042,793910,792280,790054,787340,785111,783006,780551,777327,774309,771508,768647,765506,761869,758943,756189,753495,750734,747711,745525,743821,742385,740961,739268,738625,738364,738190,737731,736628,736580,736275,735548,734301,732439,731045,729794,728513,726792,723969
nor,Norway,319771,321469,315757,309741,305967,304100,294597,294673,299964,305795,308839,315718,316874,314089,311490,311952,312502,316396,322351,327381,329618,333414,331744,325895,318063,309714,298278,287328,277318,268564,261200,252327,248831,249169,251357,254075,260914,266288,270665,275097,280385,287252,292827,297453,301118,303831,305109,305485,305065,303865,301771,297311,293378,290172,288350,288373,287855,290986,296376,301859,306018,312577,314502,313223,310945,308947,303962,301449,300868,301197,301748,302124,304903,309059,313331,316725,321503,323911,324692,325106,325916,325291,326175,328101,330089,331326,331832,332723,333718,334659,335299,335514,336012,336662,337282,337622,337456,337755,338338,338997,339492,339592,340364,341580,342923,344051,345004,346384,347985,349584,350911,351951,353303,354808,356243,357323,357905,358886,360061,361177,361932,362239,363054,364111,365100,365697,366034,366740,367633,368487,369015,369298,370047,371056,372057,372735,373247,374272,375550,376766,377563,378267,379304,380471,381552,382275,382817,383887,385255,386597,387472
npl,Nepal,1228224,1291732,1383890,1463923,1521061,1560867,1642018,1664530,1654646,1639353,1639665,1630950,1642553,1671984,1707211,1741429,1790688,1827587,1856644,1886976,1926549,1981844,2027397,2068938,2112200,2163236,2226902,2286279,2343985,2402017,2463526,2539831,2603903,2660248,2714630,2772991,2842015,2901895,2957976,3016139,3081762,3148520,3210591,3268351,3322908,3376775,3450425,3512639,3561271,3589741,3594062,3601164,3562500,3491829,3411150,3336363,3243134,3178969,3132952,3085386,3022827,2983473,2930855,2872139,2823184,2798298,2769163,2741232,2718932,2706195,2706773,2708100,2716798,2727158,2728192,2714069,2722518,2692382,2635585,2570939,2511596,2442041,2389269,2348404,2308494,2262186,2221123,2174388,2123591,2074539,2031602,1996527,1964277,1934982,1907512,1881863,1865940,1846056,1823457,1799955,1777297,1759899,1738272,1713703,1687380,1660512,1635033,1607632,1579005,1550066,1521733,1495614,1470293,1445575,1421257,1397590,1379612,1359685,1338525,1317317,1297322,1282848,1266270,1248435,1230279,1212884,1199788,1184969,1168976,1152398,1136029,1123237,1108345,1092040,1075250,1058981,1045562,1030920,1015483,999732,984358,972036,958104,943119,927854,913180,901618,888679,874833,860667,847010
nzl,New Zealand,232000,239045,240944,242937,247002,253078,255691,263249,272972,282128,289134,299299,303801,303996,302552,301349,298829,296923,295959,295943,296941,298056,301211,304716,305790,302429,301677,292988,279301,265806,256568,246331,242874,244691,248426,251734,258828,263837,267348,271059,276422,283415,288771,292881,295431,296084,294902,292227,288779,285627,283435,278659,277341,278605,281325,284575,289440,295787,302540,308291,312252,319126,319797,316337,311874,308681,303192,300822,300840,301436,301256,301252,301664,302050,302327,302433,304035,304149,303276,302098,301132,300183,299505,299057,298597,297951,297563,297247,296929,296595,296237,296459,296529,296458,296247,295898,296045,295859,295409,294790,294089,293651,293203,292737,292207,291588,291329,291068,290771,290401,289923,289937,289772,289444,288999,288472,288371,288181,287902,287528,287028,287010,286900,286668,286303,285813,285888,285846,285680,285373,284899,284990,284912,284672,284273,283711,283658,283510,283261,282911,282430,282505,282582,282587,282433,282046,282373,282453,282236,281733,281012
omn,Oman,78036,79323,80153,81070,82494,84725,87654,90492,93312,96218,99435,103688,107077,109988,112926,116367,120179,123969,127972,132300,137144,141662,146137,151220,157936,167077,175830,187226,200644,215119,230038,246962,262245,275853,287705,297582,306118,312151,316444,319937,323174,323054,322695,320736,316090,309010,307772,302656,295636,288703,282874,273078,265177,259254,255819,255792,254057,256578,263553,275445,293020,310378,328546,347338,366134,383622,403934,423510,439891,450112,453666,466110,462730,449004,433013,420026,399233,388769,385563,383424,378000,374719,369024,361494,354599,350014,347443,346154,346208,347069,348500,351675,354713,357700,360789,364108,367996,371343,374243,376753,378874,380544,381942,382898,383108,382312,380908,378653,375657,372155,368267,363688,359512,355613,351800,347932,344407,341322,338608,336257,334265,333326,332678,332302,332166,332248,333403,334423,335300,336057,336736,337836,338662,339254,339568,339512,339329,338981,338396,337473,336094,334652,333146,331448,329468,327166,325123,323019,320896,318842,316938
pak,Pakistan,5778606,5742736,5693618,5688265,5761062,5918000,6094062,6333159,6608415,6896029,7189641,7581370,7870980,8094671,8308202,8557471,8818171,9083405,9358249,9633412,9906548,10191865,10453724,10708150,10981309,11295760,11626766,11979237,12358558,12766367,13207972,13695499,14168320,14638312,15123347,15638255,16224664,16810059,17385778,17932481,18442138,19020728,19479293,19852010,20191358,20542960,20871441,21171132,21446900,21689840,21896345,22111536,22279124,22419255,22563479,22739445,22951664,23185005,23441893,23720278,24022417,24407638,24769451,25121446,25488356,25893968,26379875,26849896,27290918,27668065,27962852,28288559,28412658,28397604,28339953,28309951,28189747,28174667,28231901,28292199,28308655,28376390,28380499,28340058,28302404,28303781,28361847,28427981,28505729,28589037,28678640,28834110,28956195,29049549,29118938,29170981,29259346,29280764,29253221,29199800,29138474,29069501,28998742,28921406,28823828,28697865,28588824,28440253,28264995,28087094,27924648,27783842,27667601,27567418,27465294,27351424,27293995,27190091,27054662,26913126,26785142,26682464,26582306,26483397,26376964,26258823,26167031,26047618,25905869,25750167,25587355,25434768,25265016,25084119,24899099,24715740,24539922,24372864,24211134,24048454,23881590,23741962,23586340,23420360,23253848,23095947,22957838,22822268,22692330,22565733,22438560
pan,Panama,143237,147807,152542,157520,162826,168533,174763,180790,186710,192679,198892,205607,211920,217944,223785,229565,235535,240865,245764,250533,255435,260377,265262,269969,274215,277852,281722,284176,285647,286807,288173,289087,290473,292292,294333,296461,298847,301499,304277,306990,309541,312602,314631,316144,317983,320763,323443,327691,332888,337860,341816,346660,349135,350045,350850,352575,353558,356285,360272,364535,368421,373111,377064,380324,383086,385511,388008,389053,389162,389069,389313,389216,390331,392183,393890,394856,396901,397558,397189,396505,396023,395724,395550,395465,395221,394670,394453,393908,393078,392085,391018,390289,389417,388422,387328,386146,385357,384466,383444,382218,380751,379696,378200,376400,374525,372733,371165,369908,368823,367641,366187,365334,364010,362325,360495,358666,357163,355701,354251,352716,351028,349763,348384,346878,345259,343533,342259,340861,339337,337679,335885,334504,332985,331353,329658,327922,326598,325351,324104,322743,321198,320203,318930,317433,315799,314109,312782,311468,310167,308776,307157
per,Peru,1304935,1364680,1424602,1480667,1532640,1584198,1650895,1699653,1738915,1778240,1826057,1878386,1933417,1991051,2047906,2102666,2166942,2215476,2253735,2290655,2334160,2384329,2432677,2480302,2525872,2569502,2620438,2657561,2685757,2712495,2744178,2781025,2817879,2855491,2893461,2932423,2981897,3024249,3059766,3088590,3111912,3141134,3151537,3148263,3137660,3124792,3104000,3080542,3055450,3028750,2999922,2973809,2955864,2944168,2937998,2937224,2953455,2975905,2997862,3008742,3004452,3012156,2966366,2892909,2829817,2799873,2708300,2705216,2756620,2810075,2833265,2917307,2928302,2889665,2842168,2811990,2759234,2730000,2718648,2708637,2689094,2665909,2643063,2618760,2594920,2572547,2556639,2538328,2518978,2500149,2483312,2470950,2458892,2447357,2436115,2425135,2417523,2409050,2399755,2389587,2378491,2369367,2358392,2345802,2331907,2316894,2302435,2287497,2272011,2255876,2238940,2223288,2208072,2192806,2176801,2159566,2145062,2128961,2111791,2094565,2077972,2063553,2050973,2039535,2028015,2015557,2006832,1996479,1984849,1972726,1960603,1950743,1941151,1931494,1921097,1909467,1900004,1889506,1878049,1865861,1853000,1841939,1831123,1820181,1808595,1795962,1786064,1775641,1764563,1752974,1741159
phl,Philippines,3252168,3465349,3744592,4006899,4223564,4399629,4641796,4770383,4836160,4892366,4977527,5018027,5129474,5291970,5459786,5600359,5763162,5889529,5988447,6084443,6196071,6318762,6444722,6577233,6715070,6858329,7013345,7173292,7336731,7501502,7667740,7851660,8014938,8166700,8322106,8493263,8675793,8873880,9078998,9272500,9441990,9627716,9761431,9859886,9952445,10060501,10157686,10286705,10437771,10594427,10748180,10928289,11097411,11252505,11374339,11430488,11392309,11307752,11181540,11062066,11019165,11129545,11247935,11375488,11466438,11477213,11479606,11309897,11035267,10775470,10616342,10371971,10371655,10535518,10721261,10831669,11063527,11124120,11060855,10974271,10936148,10886800,10873571,10890196,10900445,10880938,10856703,10812633,10751020,10685236,10623719,10564053,10513036,10467382,10419995,10366875,10330949,10280512,10218760,10151367,10083087,10024761,9957474,9884852,9810645,9738091,9671211,9608238,9547740,9487082,9424949,9376334,9321086,9260792,9198304,9136125,9084743,9028177,8967912,8905312,8841852,8786273,8727783,8666718,8603136,8537405,8479757,8417467,8351592,8283701,8215233,8154099,8091278,8027229,7962372,7897359,7840870,7782915,7723841,7664009,7603925,7553286,7499848,7444318,7387818,7331655,7283925,7234920,7185294,7135195,7084384
png,Papua New Guinea,306745,315445,325467,334635,342755,350937,361795,367885,371670,375589,381536,386396,393137,401639,410991,420756,431985,441924,451208,460956,472099,484729,497085,509554,522427,536166,551386,565559,579157,592749,606931,621940,635635,648250,659759,670289,681026,689189,695960,703072,711808,720365,732017,746369,762818,781099,803369,826216,848768,869519,887468,907866,920782,928921,936725,947892,956927,969701,985083,1000022,1012142,1024918,1033899,1040196,1046272,1053995,1062055,1072096,1083672,1095605,1107184,1121098,1133173,1143911,1154280,1165077,1177267,1188589,1199323,1209595,1219586,1230380,1240397,1249682,1258194,1265960,1274443,1281462,1287434,1292987,1298609,1304696,1311070,1317547,1323717,1329354,1336460,1342274,1347057,1351259,1355253,1360231,1364350,1367874,1371077,1374203,1378083,1381863,1385415,1388476,1390916,1394507,1396709,1397840,1398423,1398864,1399858,1400605,1401015,1400779,1399734,1399445,1397812,1395229,1392392,1389805,1387640,1386154,1384955,1383290,1380692,1379416,1376210,1371612,1366566,1361752,1357093,1352875,1348960,1344949,1340597,1337049,1332999,1328541,1323891,1319180,1315283,1310918,1305976,1300398,1294403
pol,Poland,2950000,3231819,3376833,3449763,3495877,3549007,3559220,3594178,3634557,3644026,3592221,3508311,3356191,3159952,2969292,2816943,2620401,2532633,2524766,2545868,2561214,2640264,2689126,2716860,2749072,2806058,2901949,2982964,3056996,3127345,3197500,3267475,3333043,3387354,3415164,3404281,3369962,3287662,3172098,3051741,2946532,2806314,2724536,2680131,2635308,2563821,2514597,2417515,2288998,2161361,2057079,1944435,1865306,1817221,1792652,1787846,1806396,1855485,1920003,1976249,2007652,2067048,2052698,1991048,1926497,1890338,1817262,1808606,1843210,1878810,1884914,1897699,1873491,1820938,1763710,1717941,1663321,1626191,1602841,1582257,1557253,1537335,1514995,1491059,1469659,1453571,1444177,1437986,1434657,1432809,1431883,1436932,1439583,1440529,1440620,1440322,1440937,1439529,1436233,1430919,1423418,1413995,1403498,1391716,1378295,1362779,1346169,1329342,1312050,1294411,1276577,1260167,1245229,1231378,1218157,1205311,1196372,1187366,1178588,1170555,1163611,1160242,1157409,1154928,1152350,1149370,1149029,1147383,1144616,1140897,1136188,1132239,1127588,1121916,1114921,1106443,1098251,1089466,1080007,1069778,1058590,1048267,1038088,1027823,1017321,1006545,998128,990075,982474,975584,969794
prk,North Korea,1553976,1422898,1216609,1034190,963113,1030863,1031763,1229034,1521101,1786347,1945590,2195919,2184959,2004012,1821103,1764990,1616635,1715848,1981519,2252293,2421181,2652246,2709282,2629540,2496801,2374434,2194900,2022511,1875409,1761690,1685980,1573909,1599069,1709181,1828059,1903873,2064823,2094302,2035987,1968748,1949570,1900497,1919012,1985319,2049136,2076112,2112238,2104658,2063743,2018078,1987652,1949545,1933702,1932830,1928043,1906335,1889335,1847335,1789954,1736606,1700636,1657528,1646927,1659647,1678509,1692098,1724662,1740550,1743779,1743455,1746093,1750942,1750812,1747946,1742978,1736427,1723264,1714075,1706463,1696830,1682448,1667236,1647291,1623753,1599245,1575501,1550446,1528429,1509132,1491691,1475598,1462510,1451803,1443212,1436804,1432720,1433994,1435668,1437457,1438807,1439516,1443204,1442536,1438761,1433432,1427528,1419024,1410801,1402374,1392757,1381246,1367620,1353557,1339043,1324289,1309296,1293650,1278977,1265210,1252343,1240378,1230149,1221398,1213847,1207374,1202059,1199838,1197858,1196104,1194373,1192504,1192688,1190999,1187823,1183702,1179005,1173838,1168260,1162139,1155054,1146608,1137532,1127978,1117893,1107283,1096085,1085106,1074783,1065078,1055947,1047408
prt,Portugal,897680,902772,893980,888472,888431,891724,883947,884933,889727,895754,902576,917674,932626,944802,949990,944662,941194,916113,878125,843086,825464,807587,806405,818567,833521,842673,856499,855726,843191,825552,807776,788342,769149,749951,728293,702363,674541,644526,613580,585807,565628,553691,546668,544264,543799,542983,548621,546858,540238,533858,532463,535335,540310,546981,551866,551531,551155,542636,527092,508628,492229,483524,472536,461343,450800,441032,430493,421257,413192,406281,400652,396199,393291,391538,390311,389203,390034,389476,388103,386796,386143,385322,385470,386231,386866,386816,386766,386203,385092,383544,381559,379114,376605,373955,371018,367608,363819,360235,356747,353245,349607,346093,343036,340312,337799,335374,333537,332098,330960,330004,329100,328881,328800,328759,328678,328463,328563,328657,328704,328611,328226,327750,327394,326982,326288,325097,323827,322482,320974,319258,317245,315217,313507,311935,310285,308357,306796,305371,304014,302693,301317,300414,299853,299487,299125,298550,298522,298511,298378,298027,297386
pry,Paraguay,269256,279720,291460,302428,311732,319505,328183,334441,339556,344809,350948,355001,362094,371281,380916,389777,399275,407857,415271,421365,426132,430538,432079,432465,434392,439728,443166,454298,471003,489808,508261,530396,549443,565945,581428,597105,613483,627520,639765,650433,659769,667375,674105,680067,685547,690681,695053,700639,706229,709733,709720,710385,704443,694345,684489,677981,669667,669968,676075,682780,686547,694503,695397,691524,687534,686722,684758,687151,692595,697951,701092,705378,706263,704469,701752,699289,695689,692702,690153,687394,683972,680142,676416,672656,668864,665021,661712,658352,654931,651444,647918,645070,641922,638550,635062,631542,628380,625130,621772,618241,614503,611019,607335,603425,599273,594856,590622,586162,581526,576819,572098,567596,563405,559367,555243,550862,547106,542972,538544,534012,529504,525342,521311,517375,513438,509432,505803,502236,498657,494963,491078,487548,483763,479773,475691,471578,467546,463730,460042,456350,452557,449048,445602,442172,438719,435190,432054,428890,425608,422145,418545
pse,Palestine,171835,169451,168080,169403,172859,177360,179842,183175,187129,192393,200125,210264,222103,234042,242931,246033,249463,246112,238789,233070,234377,235396,240096,248318,257854,266333,273340,280220,286750,293231,300268,308714,315664,322187,329756,339487,348870,360805,375313,392365,412137,433665,456158,479075,501480,522776,545491,562896,575252,582532,584161,581040,577662,574513,573084,575026,577712,586113,598613,612457,625242,641097,653467,662851,670525,678074,686726,689829,689967,690318,692913,690590,695316,704627,714286,721322,730865,735679,737056,737958,740507,742908,746948,752268,757577,762042,767161,771140,774178,776861,779591,782478,785193,787750,790024,791953,794057,795837,797238,798190,798644,799334,799275,798646,797724,796705,795730,794936,794167,793134,791643,790701,789062,786873,784434,781956,779832,777726,775557,773127,770312,768065,765248,762006,758577,755142,752092,749178,746295,743235,739868,737149,733968,730411,726664,722850,719462,716048,712588,708975,705135,701848,698358,694671,690827,686849,683492,680062,676538,672873,669050
qat,Qatar,4323,4821,5384,5879,6254,6516,6899,7158,7400,7745,8291,8699,9309,10088,10964,11886,12777,13709,14713,15809,16985,17886,18933,20090,21354,22754,24072,25624,27577,30194,33639,35989,39302,43003,46289,48597,51591,52976,53078,52486,51572,50010,49417,49514,49807,50012,50021,50458,51350,52801,54852,54589,55017,56848,61029,68229,70525,75251,81075,87185,93425,102218,110439,118133,124590,128535,130508,132641,134256,135090,135162,134984,135269,135784,136230,136232,135629,135305,135102,134855,134379,133398,132823,132543,132359,131969,130762,130336,130374,130575,130725,130987,131453,132052,132714,133342,133881,134515,135191,135825,136314,136430,136752,137181,137578,137792,137587,137664,137894,138140,138239,138025,138108,138365,138663,138840,138812,139042,139423,139854,140217,140400,140882,141548,142257,142871,143301,143971,144778,145592,146266,146698,147326,148063,148802,149408,149714,150331,151106,151863,152418,152737,153229,153800,154359,154805,154971,155450,156151,156931,157613
rou,Romania,1644665,1821434,1926377,1960240,1953584,1944767,1949317,1943468,1935934,1914715,1863093,1780208,1674317,1564655,1490063,1475674,1446749,1551105,1735584,1913590,2028480,2222948,2250868,2166594,2066671,2020127,1915817,1914906,1983875,2047303,2053751,2073205,2016804,1909409,1810106,1759029,1689753,1707291,1776661,1828711,1817384,1845714,1749074,1570614,1390875,1266443,1093545,1034903,1057426,1094284,1101366,1152310,1147229,1102924,1059531,1044333,1031586,1044261,1074804,1100932,1109095,1121790,1100711,1057083,1012869,982841,936352,922243,930138,940211,939606,951080,941443,917166,891987,875152,854866,844043,840811,839102,835032,833250,829475,824013,818836,815220,813347,811608,810016,808099,805657,803767,800591,796436,791737,786755,780975,775221,769402,763308,756775,749984,743232,736474,729735,723017,716977,711105,705328,699692,694337,689947,685601,681425,677448,673635,670600,667369,663960,660489,657102,654171,651218,648235,645057,641520,638464,634891,630772,626299,621715,617294,612924,608659,604338,599710,595624,591345,586773,582016,577282,573459,569702,566022,562333,558529,555882,552892,549518,545892,542268
rus,Russia,11108268,12686585,13005504,12927173,12806662,12867568,12610072,12716523,13009551,13256316,13280100,13243575,13006425,12590410,12107892,11621791,11010424,10455674,9982657,9621343,9387236,9135020,9214641,9504343,9823069,10051816,10531433,10666538,10579154,10485112,10540649,10533556,10719174,11041486,11366407,11597459,11840285,11981930,11992222,11842919,11520580,11167856,10484769,9611464,8756001,8049437,7060550,6585579,6472659,6475931,6434993,6681088,6786385,6793266,6817799,6946823,7199155,7401319,7597424,7811766,8060273,8258653,8533961,8845017,9122566,9314985,9484077,9538812,9497260,9400039,9271691,9049901,8840129,8639783,8438588,8227520,7976416,7781965,7626875,7493469,7369580,7292714,7215625,7145610,7097813,7083810,7113918,7160313,7222325,7295105,7377049,7486296,7585110,7675038,7756899,7830495,7896189,7944188,7975604,7990127,7986094,7950795,7908321,7857072,7794904,7718901,7617412,7522377,7431539,7343309,7255594,7166611,7093087,7031749,6980223,6937364,6913465,6897301,6889310,6890361,6900951,6929149,6959877,6992519,7025398,7057355,7094527,7124087,7146695,7162627,7171252,7168753,7162281,7151222,7133757,7107046,7068282,7031607,6993781,6951768,6903294,6854079,6807119,6761757,6717620,6673904,6638534,6609926,6588172,6573821,6567962
rwa,Rwanda,420902,446594,461985,474093,487338,504403,520477,539344,558802,575719,587859,604944,612381,614156,616892,625936,633105,645631,663155,683748,706270,734514,761892,789548,819465,853613,894606,933616,972172,1012365,1056603,1105547,1148506,1189037,1233363,1286643,1347429,1416372,1476118,1489348,1422330,1324204,1166460,979797,828770,779771,813977,899931,1038542,1187031,1289528,1356552,1394013,1400484,1396564,1406000,1433128,1466457,1506022,1545151,1578409,1612741,1633869,1647568,1663977,1690202,1711223,1750590,1800946,1848859,1885105,1929151,1948434,1950401,1948983,1954165,1950977,1961577,1982263,2004365,2021843,2043002,2059065,2070929,2082156,2095314,2111377,2126514,2141285,2155614,2169670,2185139,2199573,2212774,2224329,2234029,2244483,2251297,2255265,2257620,2259263,2259903,2260621,2260957,2259933,2256911,2254565,2249714,2242927,2235314,2227696,2220818,2214329,2207976,2201190,2193677,2188447,2181679,2173687,2165044,2156232,2149163,2141129,2132330,2122884,2112960,2104279,2094768,2084554,2073770,2062547,2052511,2041850,2030654,2019033,2007108,1996714,1985921,1974718,1963065,1950993,1940852,1929927,1918412,1906573,1894671,1884589,1874440,1864344,1854253,1844015
sau,Saudi Arabia,537360,553813,565991,578068,591835,608304,626579,645780,666162,688602,714698,746183,776276,806213,837180,870426,906269,940233,975194,1015029,1063331,1111363,1166101,1227390,1293618,1364172,1434388,1500878,1569959,1651731,1753332,1849386,1965522,2091688,2212081,2316667,2449349,2545368,2612360,2660958,2695119,2716977,2738171,2752311,2752769,2742122,2752784,2738819,2714417,2697514,2695655,2650830,2646599,2669839,2702922,2736025,2779564,2816234,2848796,2882736,2919907,2945306,2966758,2980782,2985344,2983789,3006517,3011872,3006908,2996240,2978337,2935308,2904273,2877968,2847638,2807897,2767944,2721355,2670144,2619896,2574785,2534750,2501064,2473465,2450104,2429859,2419491,2410959,2404306,2400114,2399045,2406942,2413547,2419262,2424369,2429142,2437205,2442502,2444886,2443653,2438187,2431188,2419603,2404058,2385589,2364680,2339692,2316631,2294490,2271785,2247332,2223420,2200305,2177833,2156385,2136221,2119193,2104153,2091014,2079703,2070207,2064848,2060906,2058071,2055824,2053782,2055141,2055069,2053714,2051411,2048381,2045723,2042432,2038212,2032419,2024428,2015700,2005866,1994844,1982658,1969118,1955324,1942484,1930028,1917259,1903575,1892242,1881543,1871418,1862293,1854836
sdn,Sudan,1030239,1067036,1099471,1129868,1160653,1194780,1235422,1272502,1308747,1347004,1390108,1439642,1488016,1537048,1588515,1644562,1708923,1770187,1830616,1892903,1960054,2035217,2106228,2176279,2249316,2329349,2415987,2500547,2584395,2667890,2751919,2842541,2924833,3001090,3073597,3144992,3219706,3285802,3351694,3430619,3533683,3646445,3780188,3925146,4062393,4177607,4325171,4431922,4510043,4582673,4669643,4764112,4865206,4970734,5071630,5162369,5265818,5348416,5417386,5484095,5557947,5625567,5691540,5758658,5829274,5906918,5990678,6073581,6158110,6246042,6339078,6439797,6535680,6629403,6724786,6825468,6936122,7045155,7152933,7258649,7362636,7476426,7577633,7669673,7757328,7844630,7934479,8019892,8101774,8180051,8255182,8334127,8406755,8474561,8539703,8604158,8674231,8740680,8804476,8866364,8927439,8996441,9060040,9120372,9180567,9243321,9314471,9385921,9456858,9525088,9589639,9664819,9727802,9781830,9831879,9881826,9935515,9987680,10037972,10084586,10126586,10174721,10215549,10250100,10280230,10307491,10340163,10367592,10390604,10409876,10426161,10447901,10465352,10479089,10489746,10498042,10512493,10522891,10529997,10534733,10537995,10547583,10554170,10558173,10559953,10559939,10566482,10569163,10568391,10564860,10559534
sen,Senegal,427813,448198,471095,491865,510084,527758,553410,568540,578185,587606,601279,615870,632236,650882,670727,691488,716380,736478,753879,772020,794407,825268,851800,875857,899163,924277,961746,990862,1015702,1041429,1072846,1109543,1144224,1177878,1210361,1242658,1279819,1305782,1325139,1344286,1368367,1393791,1423173,1455386,1486914,1515577,1553665,1583193,1607076,1630513,1658629,1695459,1728473,1761301,1798315,1843683,1897845,1956216,2018303,2082192,2147173,2221122,2285858,2343304,2395731,2445327,2491260,2527102,2556654,2584884,2615341,2638344,2671855,2712722,2755418,2796029,2842508,2884088,2922288,2960833,3002655,3049130,3095365,3142008,3189026,3236739,3287956,3337791,3386313,3433443,3479302,3527373,3571288,3612078,3651194,3689774,3728356,3766611,3804205,3840250,3874222,3909803,3942236,3972361,4001730,4031537,4063180,4095560,4128111,4159581,4189277,4222797,4251973,4278067,4303250,4329175,4357017,4385649,4414393,4441652,4466466,4494548,4517763,4537363,4555608,4574147,4593798,4614254,4634679,4653256,4668843,4687444,4700958,4710436,4717809,4724484,4732185,4739389,4745863,4750810,4753765,4759219,4762282,4763317,4762989,4761775,4763345,4763679,4762740,4760450,4757114
sgp,Singapore,164501,175838,188639,202411,217778,234855,253222,270266,284904,295736,301994,308827,307859,301033,291501,281826,267560,256221,247727,241163,235320,227666,225503,226261,226455,223802,225312,218745,207531,197650,193577,187841,190525,199370,209119,215656,222740,225347,224689,224549,228261,232565,239411,248134,255897,260079,260989,258395,252678,245278,237083,224144,215944,211883,210628,210882,205432,205169,208040,211393,212562,210773,209823,210336,213189,217315,213284,221403,236097,249963,258176,270580,272484,267084,260472,256555,247367,244612,246343,248262,247342,246151,243310,238972,234425,230383,225899,222411,219780,217521,215247,212925,211516,210791,210543,210523,210812,211739,213112,214652,216050,217499,219045,220548,221834,222668,222861,223199,223524,223604,223144,221775,220900,220244,219488,218303,216514,215281,214388,213572,212510,211193,210433,210023,209747,209372,208908,209051,209583,210216,210627,210981,211690,212558,213352,213823,213979,214443,215050,215580,215740,215347,215446,215802,216088,215923,215295,215114,215103,214987,214540
slb,Solomon Islands,14202,14153,14436,14886,15457,16101,16866,17553,18187,18806,19466,20194,20911,21646,22389,23114,23716,24389,25163,26173,27574,29589,31842,34236,36539,38548,40609,42048,43004,43769,44577,45129,45857,46743,47663,48497,49183,50053,51024,52052,53137,54623,55827,56857,57863,58977,60253,61377,62451,63568,64805,66214,67761,69380,70924,72321,74113,75422,76491,77771,79634,81699,84437,87617,90771,93586,96859,99159,100720,101949,103156,104026,104898,105829,106790,107767,108557,109765,111252,112871,114499,116527,118375,120103,121840,123696,125823,127851,129806,131668,133442,135303,136936,138406,139795,141170,142495,143863,145258,146639,147989,149444,150863,152232,153526,154753,156139,157299,158303,159263,160251,161287,162378,163493,164556,165523,166629,167538,168297,169007,169743,170538,171347,172148,172889,173550,174343,174973,175464,175849,176176,176580,176856,177030,177137,177213,177358,177490,177591,177622,177572,177681,177635,177465,177229,176974,176837,176663,176470,176240,175947
sle,Sierra Leone,326865,330390,330134,329003,329095,332152,338995,344405,349310,354819,362350,374840,384023,391416,398817,408144,421631,431700,440055,448553,459144,473164,485048,496008,507145,519756,535832,548922,560563,572644,587012,604545,620119,635186,651635,671518,697055,720648,741233,755545,760355,767862,767612,761669,754918,753374,755186,753355,753507,762958,788650,816501,850398,889037,926543,956871,989622,1014154,1031010,1043249,1054666,1071346,1081577,1088091,1094228,1102635,1110513,1121384,1134401,1147311,1158651,1172729,1181771,1187262,1191870,1197731,1204282,1210522,1216767,1222783,1228644,1235895,1241622,1246229,1250302,1254436,1260108,1263914,1266507,1268688,1271200,1274847,1277772,1280115,1281817,1282994,1285680,1286160,1285082,1283361,1281784,1281066,1279741,1277982,1275805,1273349,1272294,1270013,1266830,1263217,1259611,1257438,1254315,1250487,1246130,1241493,1238227,1233693,1228249,1222334,1216342,1211409,1205851,1199854,1193566,1187178,1182037,1176264,1170033,1163545,1157027,1151814,1145899,1139515,1132941,1126444,1121072,1115297,1109218,1102884,1096393,1090953,1084763,1078052,1071123,1064275,1058064,1051695,1045327,1038995,1032624
slv,El Salvador,364752,377387,393562,410229,426271,442047,461062,474869,486031,497436,511465,524726,539862,556366,572637,587873,606106,619495,629595,639091,650208,663256,676301,689316,701728,713388,728233,740486,750139,757034,761191,765475,765012,761392,756969,753471,746000,742488,742183,744058,747548,752723,759835,767556,773998,777619,782452,781407,775386,765528,752599,734098,713135,691281,670863,653223,630490,618547,613806,611002,606673,609094,604675,595795,587168,582374,578844,577369,577579,577564,576216,575529,571872,565980,559302,552861,544850,537455,530485,523365,515716,507635,499641,491669,483844,476312,469444,462584,455817,449264,443073,437756,432436,427157,421950,416905,412597,408026,403281,398471,393705,389244,384669,379987,375192,370306,365597,360796,355890,350888,345814,340970,336071,331109,326110,321102,316453,311804,307147,302488,297868,293734,289573,285391,281214,277081,273497,269881,266215,262481,258696,255410,251941,248321,244610,240875,237426,233954,230448,226869,223207,219813,216363,212837,209227,205543,202166,198749,195258,191679,188041
som,Somalia,388870,404377,413867,420573,426791,434830,445650,454592,462821,471420,481588,494847,505775,515653,526055,538633,556091,572925,588723,601221,609196,616386,611651,607032,623635,682800,753536,846275,951813,1042742,1089685,1132875,1154495,1155615,1151656,1160339,1190334,1227708,1270822,1310820,1339292,1369950,1382368,1386179,1400068,1442873,1493798,1556596,1630624,1706916,1777544,1850264,1902306,1939748,1973814,2013800,2057311,2107786,2163094,2217124,2266662,2326521,2369874,2403782,2440156,2488333,2539176,2601316,2673108,2749175,2826505,2915062,2993930,3066434,3138577,3215573,3299171,3378490,3455170,3529688,3603319,3680798,3750006,3813404,3874157,3935258,3998520,4057354,4113630,4169180,4226054,4287664,4346037,4403009,4460923,4522217,4591564,4658285,4723583,4788544,4854835,4930422,4998084,5060257,5119891,5179910,5245547,5304437,5358469,5409352,5458993,5512747,5560292,5603393,5644092,5684437,5729839,5771187,5809589,5846051,5881923,5925140,5962459,5995984,6028629,6063055,6105093,6145157,6183415,6219220,6252768,6295144,6327681,6353049,6375067,6396942,6422879,6445557,6465494,6482414,6496583,6515696,6528584,6536499,6541175,6544136,6551791,6554687,6553436,6548615,6541401
srb,Serbia,747122,812124,843514,855794,851633,836323,812031,784029,756127,731619,710818,676368,665582,670070,678193,681775,699309,702324,695779,689541,690926,694681,702675,714598,727273,738733,751542,762158,770341,776166,779578,782138,780278,775245,768988,762796,753034,746860,742789,738313,731948,727588,717542,702876,685762,667418,648254,633310,621479,610478,598343,583708,570788,558442,546601,536006,529277,520038,509685,499311,489480,477377,465274,453840,443994,436166,426291,422422,422179,421905,419057,419470,414085,404718,394883,387086,378057,371961,368160,364898,361023,357928,354354,350340,346386,342850,340163,337105,333851,330507,327206,324071,320687,317173,313647,310213,306720,303340,300041,296738,293403,290348,287057,283612,280177,276897,273945,271001,268084,265174,262296,259863,257186,254365,251546,248861,246509,244113,241712,239332,237018,235077,233018,230868,228648,226400,224516,222326,219921,217435,214987,212745,210447,208122,205767,203404,201363,199195,196931,194630,192362,190507,188515,186425,184289,182170,180490,178635,176660,174618,172574
ssd,South Sudan,434439,432687,424352,417259,415761,421516,426996,438668,454038,470549,487081,511139,526052,535105,543689,556416,571590,586411,601792,617492,633996,653533,668889,682015,695693,712564,732342,750090,767659,787069,810532,838812,863793,886275,906553,924034,947898,972709,993909,1003707,996827,995270,972005,938643,916628,927267,941086,968888,1011022,1059004,1104315,1145360,1175841,1201267,1232917,1280804,1335359,1400483,1471204,1535793,1583166,1638493,1679888,1705975,1718034,1717444,1718480,1712106,1702482,1697855,1707392,1720407,1739885,1766046,1795278,1823750,1852261,1874159,1891518,1908104,1927292,1947863,1968215,1988599,2008423,2027524,2048858,2066679,2082043,2096616,2111882,2129345,2145302,2160237,2174356,2188130,2204687,2218158,2229496,2239950,2250690,2263740,2275004,2285075,2294438,2303708,2315650,2325420,2333647,2341069,2348450,2358548,2366546,2372949,2378207,2382875,2390057,2394488,2396983,2398556,2400119,2403665,2406152,2407759,2408446,2408387,2410961,2410990,2409119,2406237,2403138,2402068,2399570,2395965,2391411,2386188,2382986,2377859,2371433,2364614,2358165,2353492,2348705,2343755,2338353,2332282,2328841,2322933,2314665,2304817,2294696
stp,Sao Tome and Principe,9758,9607,9429,9303,9296,9454,9476,9615,9846,10102,10322,10695,10942,11151,11456,11966,12474,13100,13798,14459,14999,15591,15865,15951,16091,16469,16854,17519,18317,18973,19344,20184,20142,19530,18885,18648,18281,18448,19071,19835,20388,20486,20919,21487,22007,22337,22784,22922,22834,22781,23065,23855,24660,25544,26458,27346,28144,28739,29162,29486,29765,29925,30189,30516,30828,31045,31175,31301,31419,31556,31754,31995,32274,32602,32988,33449,34018,34588,35154,35726,36304,36975,37548,38049,38517,38985,39443,39870,40283,40681,41072,41453,41839,42223,42604,42968,43371,43730,44056,44371,44690,45041,45376,45695,45995,46275,46591,46855,47084,47301,47524,47769,48019,48274,48519,48756,49040,49285,49502,49699,49893,50124,50323,50496,50643,50770,50926,51039,51118,51181,51232,51309,51377,51433,51473,51489,51554,51570,51553,51517,51481,51481,51470,51442,51395,51329,51311,51245,51138,50999,50847
sur,Suriname,37000,39462,41080,42533,44179,46201,48410,50924,53536,55980,58046,60008,61305,62039,62511,63036,63958,64448,64469,63891,62676,61827,60559,59039,57401,55584,51791,49022,47043,45706,44852,43643,43935,45221,46841,48414,50952,52050,52201,52182,52557,52502,52906,53648,54318,54582,54439,54294,54077,53843,53650,53602,53531,53460,53380,53281,53171,52952,52679,52454,52358,52273,52384,52618,52837,52926,53122,53044,52772,52451,52186,51858,51644,51510,51369,51165,51035,50820,50535,50232,49942,49719,49473,49210,48932,48640,48412,48140,47837,47519,47206,46946,46668,46381,46081,45776,45531,45246,44938,44622,44311,44050,43777,43492,43190,42883,42619,42312,41977,41634,41304,41009,40718,40431,40131,39818,39567,39263,38930,38589,38261,37977,37693,37407,37107,36804,36554,36263,35942,35613,35299,35027,34752,34477,34193,33902,33669,33395,33097,32790,32495,32240,31975,31705,31430,31154,30926,30678,30407,30136,29873
svk,Slovak Republic,372570,394506,420234,442453,457915,466653,478348,478794,472396,463736,455781,440721,433010,430231,427345,420725,415811,407031,396214,388034,386167,388101,396896,410721,425748,439540,459566,472541,479849,483591,485118,483270,477729,469839,461172,452676,438295,430345,426285,422403,416053,411792,403547,391992,378688,364809,350884,334306,316776,300431,286865,271926,263410,259839,258906,259078,263919,268564,272780,276565,280029,286100,287441,285907,283999,283337,279218,279229,281740,283881,283691,284075,281468,276615,271280,266609,260874,256615,253452,250432,246921,243830,240478,236984,233774,231139,229123,227659,226696,226061,225660,226043,226377,226676,226973,227290,227924,228227,228273,228117,227782,227187,226496,225661,224619,223290,221704,220084,218382,216547,214529,212510,210511,208509,206518,204545,202775,201180,199740,198442,197264,196434,195773,195241,194784,194355,194278,194120,193886,193587,193234,192985,192676,192289,191778,191092,190375,189596,188726,187737,186578,185443,184321,183165,181926,180562,179410,178277,177151,176044,174978
svn,Slovenia,149000,152905,153672,153602,152927,151743,148508,146093,144238,142764,141332,139049,138464,138695,138801,138361,140055,139082,136642,134537,133943,132298,133099,135683,138709,141253,144339,146574,147951,148803,149414,149780,148906,147202,145000,142295,137552,133988,130906,127375,122853,119016,114049,108497,103371,99311,94936,92511,91513,90921,90018,89927,88877,87419,86718,87612,88723,91920,96465,100908,104205,108591,110444,110357,109483,108667,106944,105452,104193,102882,101272,98858,97159,95859,94616,93169,92070,90660,89075,87619,86497,85586,85063,84881,84900,85034,85544,86113,86715,87352,88014,88912,89666,90292,90788,91145,91405,91538,91540,91387,91035,90439,89822,89153,88413,87566,86586,85733,84960,84229,83497,82862,82356,81948,81602,81290,81203,81146,81120,81137,81199,81410,81684,81995,82285,82495,82775,82982,83103,83132,83061,82926,82783,82608,82362,82007,81595,81232,80866,80465,79982,79552,79163,78794,78423,78023,77757,77556,77402,77273,77160
swe,Sweden,617943,600306,577621,559106,546420,536540,515391,509560,512294,517784,522439,536542,544176,547227,550032,555823,564333,571507,577726,581752,582466,580158,575977,569715,561378,551131,538259,524673,511151,498744,487696,473753,466283,464111,466332,472703,484916,500322,517767,535727,553121,575604,591682,601259,602643,594427,580127,551958,516374,484365,463549,431680,430039,449015,472932,491223,524772,541734,546678,549124,555834,562002,568056,575297,582351,587377,582351,584816,591217,597669,601450,606702,609689,610514,610107,608961,607558,604564,600655,596431,592211,585978,582355,580680,579998,579494,579539,581135,583768,586954,590271,595002,599261,603146,606770,610087,613178,616115,618785,620994,622481,622879,623829,624962,625763,625688,624908,624404,623936,623326,622292,620862,620136,619866,619723,619334,619033,619437,620279,621273,622104,623392,625249,627386,629462,631127,633237,635519,637763,639709,641029,642333,643827,645278,646373,646732,646705,647087,647638,647983,647612,647168,647324,647632,647675,647115,647122,647539,648196,648939,649521
swz,Eswatini,48672,50684,52164,53343,54407,55574,57062,58330,59503,60690,61998,63594,65077,66589,68305,70397,72753,75109,77560,80222,83234,86932,90617,94323,98040,101835,106137,109677,112812,116121,120060,124094,128758,133705,138225,141861,145639,147156,147097,146650,146659,145928,146804,148642,150209,150718,152781,152610,150783,148429,146358,144930,143952,143453,143363,143848,146087,148148,149924,151178,151903,153770,152686,149818,146880,145167,142310,141674,142565,143544,143677,144707,143792,141574,139352,138103,136770,136427,136950,137852,138885,140365,141529,142475,143436,144574,145905,147070,148109,148977,149653,150148,150436,150527,150441,150163,149565,148981,148386,147764,147075,146269,145637,145117,144643,144158,143840,143531,143228,142939,142664,142540,142382,142202,142000,141778,141580,141390,141191,140938,140586,140190,139746,139255,138739,138192,137549,137018,136560,136100,135569,135035,134507,133978,133465,132964,132450,132045,131710,131387,131029,130693,130366,130041,129715,129374,128988,128659,128362,128052,127672
syc,Seychelles,4461,4802,5273,5670,5942,6152,6630,6784,6773,6756,6836,6717,6820,7065,7327,7531,7912,8098,8157,8190,8270,8322,8368,8404,8429,8461,8609,8682,8707,8703,8684,8702,8703,8669,8595,8499,8595,8536,8397,8275,8235,8058,8009,8040,8060,7999,7927,7758,7545,7377,7327,7205,7292,7521,7749,7845,7969,7941,7779,7592,7515,7718,7816,7880,7947,8013,8003,8016,8036,8026,7967,7887,7768,7616,7465,7335,7187,7097,7043,7007,6966,6975,6958,6925,6890,6879,6889,6896,6900,6899,6893,6898,6889,6867,6835,6798,6760,6715,6661,6605,6540,6473,6404,6330,6253,6181,6115,6054,6000,5949,5900,5867,5826,5780,5735,5695,5667,5634,5599,5563,5525,5497,5461,5424,5380,5337,5299,5252,5203,5150,5099,5049,4999,4948,4899,4847,4803,4755,4705,4653,4602,4564,4525,4481,4439,4398,4369,4331,4294,4253,4212
syr,Syria,545959,589515,643933,694548,736883,772812,820353,846311,860605,873446,892382,903593,927866,962266,999277,1033746,1073002,1106701,1137226,1170214,1209993,1256248,1307021,1361580,1417478,1473479,1537513,1595255,1648811,1701757,1757101,1812206,1865382,1916206,1963030,2004855,2045198,2078833,2106438,2128303,2144859,2154886,2157542,2158072,2165533,2185907,2205511,2254832,2321614,2385195,2432026,2499911,2520180,2515910,2528803,2589298,2638577,2758031,2905491,2992992,2942763,2878088,2712131,2472277,2234178,2067417,1913966,1823109,1796729,1826327,1919096,2061913,2175493,2276738,2368779,2433749,2419368,2422756,2426613,2413301,2375361,2339062,2307495,2276425,2248499,2226968,2231701,2236591,2243489,2253061,2266204,2293366,2312508,2326578,2338587,2350836,2362295,2372354,2380388,2384334,2382571,2376718,2366353,2351631,2333321,2311685,2285964,2260515,2234880,2208414,2180610,2153661,2127812,2103048,2079810,2058504,2042153,2028002,2015783,2005089,1995852,1992842,1988569,1983566,1978503,1973970,1972003,1968464,1963704,1957854,1950980,1943402,1934739,1924968,1913958,1901517,1887937,1873948,1859367,1844054,1827889,1812273,1796860,1781544,1766188,1750613,1737867,1725305,1712955,1701128,1690473
tcd,Chad,375827,392248,413166,432420,448432,462312,483283,493648,498171,501906,508996,515315,524699,536873,549718,562031,577519,589472,599814,612109,629452,651389,675235,700662,725806,749458,777782,799878,818018,835983,857456,881125,903706,927312,954062,986302,1021635,1057520,1095016,1134619,1176812,1223340,1268092,1312540,1358725,1409077,1465188,1518078,1570501,1626070,1688335,1756715,1824396,1891823,1957936,2022016,2091330,2152805,2209043,2264530,2324090,2390417,2452822,2513268,2572960,2633013,2697085,2757173,2814746,2871727,2930435,2995318,3055271,3112124,3167889,3224763,3286868,3342880,3395003,3445747,3497733,3554171,3605597,3653718,3700147,3746797,3798094,3842906,3883536,3922806,3963488,4008799,4050083,4088621,4125362,4161761,4204093,4238872,4268651,4296734,4326193,4360515,4391118,4419354,4446238,4473204,4506563,4534072,4557530,4579114,4601035,4629067,4651583,4670358,4687242,4704205,4726925,4744805,4759313,4771972,4784453,4802962,4816477,4826484,4834639,4842668,4856675,4866159,4872279,4876108,4878951,4887645,4890655,4889626,4886553,4883319,4884921,4883288,4879252,4873418,4866664,4865441,4859712,4850747,4840115,4829352,4823528,4814681,4803780,4791569,4778836
tgo,Togo,235154,243120,247415,249326,250616,253152,258344,263016,267730,272543,277317,282951,286508,289904,296285,308870,323765,340505,358853,376821,392210,409058,423377,435298,445806,456271,469454,480061,489818,501365,517381,535369,553496,572045,590194,607144,625877,641275,653615,663330,671217,681808,688264,693264,700765,714031,726957,745755,768985,793694,817748,848605,875129,898571,921418,946040,974050,999177,1022384,1044189,1065211,1085341,1102655,1118068,1132623,1147140,1160417,1174306,1188874,1204089,1220060,1237982,1255942,1274149,1292972,1312877,1336031,1357751,1378597,1399224,1420316,1443610,1465000,1485087,1504481,1523782,1544047,1562955,1580824,1597904,1614497,1632008,1648084,1663083,1677436,1691572,1706947,1721251,1734818,1748043,1761335,1776409,1790623,1804187,1817266,1830133,1845070,1858321,1870345,1881731,1893030,1905817,1917481,1928252,1938294,1947832,1958734,1968168,1976401,1983737,1990483,1998374,2004831,2010139,2014611,2018561,2023577,2027512,2030596,2033118,2035360,2038991,2041912,2044123,2045495,2046042,2048212,2048347,2047015,2045074,2043194,2042075,2040946,2039686,2037891,2035243,2034105,2031186,2026548,2020806,2014904
tha,Thailand,3404702,3559565,3673683,3774510,3879825,4004371,4141319,4290011,4448643,4612049,4776774,4956752,5118768,5268867,5418945,5578390,5744746,5909732,6067513,6205222,6316430,6427356,6471863,6467397,6440897,6411787,6343794,6294901,6258608,6217333,6156819,6080675,5997786,5908437,5819366,5736081,5663216,5586318,5506760,5427492,5352949,5309475,5266313,5223680,5177403,5125275,5080290,5003817,4904622,4797490,4694024,4581986,4481792,4392848,4312094,4238457,4182899,4139853,4103999,4069343,4034323,4038787,4007509,3953897,3895704,3844929,3784092,3734624,3692342,3647917,3596052,3548832,3493707,3433417,3373905,3318663,3262548,3215832,3176129,3138992,3101431,3071242,3039969,3007976,2976902,2947856,2924841,2901902,2878940,2855163,2830081,2808329,2784184,2758341,2731933,2705555,2679592,2656238,2634469,2612633,2589431,2568835,2547868,2526412,2504651,2482523,2462810,2443389,2424106,2404792,2385277,2367871,2351597,2335980,2320339,2304034,2290341,2276617,2262652,2248410,2233785,2221424,2209619,2197904,2185618,2172173,2161305,2149891,2137715,2124715,2110808,2099252,2087764,2075970,2063520,2050154,2039013,2027940,2016828,2005387,1993075,1983032,1973270,1963345,1952841,1941370,1932364,1923587,1914706,1905308,1895029
tjk,Tajikistan,172023,197584,226238,252848,275813,296454,325913,345273,358959,371621,386976,399129,415671,435146,453802,468951,483903,493783,500014,505685,513042,519404,529674,542798,556280,568398,582755,593780,603432,615618,633438,654631,681630,713336,747549,782773,825012,863819,897420,922972,938710,957707,959244,948557,934118,922681,903548,895098,894708,895637,892437,886613,875654,862533,854316,856773,868025,888165,915880,948760,987283,1048399,1099494,1143835,1185238,1226532,1269761,1303516,1329183,1346840,1356750,1356675,1350240,1339635,1328117,1317599,1298445,1291830,1294918,1303864,1315901,1336566,1360387,1386526,1415110,1446631,1489263,1525788,1557448,1585304,1610517,1636286,1654107,1665570,1672008,1674331,1669331,1663382,1657017,1651057,1645856,1637492,1636528,1640849,1647834,1655724,1670596,1683734,1695608,1707620,1721040,1739658,1754964,1767446,1776963,1783643,1790128,1791105,1787951,1782501,1775985,1765507,1757161,1750225,1743466,1736005,1729206,1723184,1717638,1712690,1708523,1707798,1706243,1704109,1701697,1699388,1699743,1698112,1694865,1690298,1684737,1679907,1673205,1664970,1655544,1645309,1635037,1624680,1614478,1604346,1593700
tkm,Turkmenistan,141781,158475,173028,187118,201235,216371,233820,248572,261630,274150,287097,298898,311694,324594,335839,344187,352093,355388,355593,355688,358137,360016,366338,376233,387348,397466,407932,418491,428588,438154,447384,458828,467575,475140,484035,496150,508971,526046,545495,564209,580457,600322,610905,613341,608832,598175,582322,558987,531978,507379,489647,468104,466323,478008,492395,502118,522462,527482,523624,523483,536023,547968,577795,618251,655045,678765,709259,712345,696178,675611,661065,633222,621733,621947,623523,619177,616888,609976,599436,589580,583408,580322,579394,580650,583095,586310,593100,598923,604013,608824,613758,620315,625044,628272,630189,630960,630906,629349,626517,622642,617857,611645,605553,599480,593302,586932,580681,574895,569527,564647,560360,557577,555084,552892,551016,549544,549733,549274,548425,547503,546790,546681,546236,545478,544287,542610,540920,538417,535276,531756,528036,523875,519840,515859,511794,507553,503487,499371,495243,491216,487393,484210,481140,478197,475399,472792,471034,469129,467147,465209,463473
tls,Timor-Leste,74801,74226,71079,68058,66334,66190,65014,66283,68934,71902,74570,79026,81404,82321,82952,84242,85853,87089,88276,89636,91421,93661,96270,98632,99457,97786,96813,91990,85108,79370,77365,75279,78324,85098,92684,99008,107924,112333,113792,115180,118663,122072,127728,134684,140730,144351,149625,151357,150849,150554,152243,152212,155057,159679,163927,166332,169623,169326,166554,163288,160956,157230,155244,154874,155673,157347,159872,164085,169180,174072,178084,184166,186513,186334,185561,185601,184300,184620,186079,187494,188039,188616,188408,187523,186441,185494,184654,183757,182880,182024,181225,180667,180123,179626,179260,179102,179391,179701,180010,180258,180434,181038,181096,180751,180204,179620,179005,178249,177362,176322,175119,173913,172544,171040,169457,167848,166388,164873,163328,161799,160330,159183,157998,156796,155604,154473,153725,152824,151825,150806,149840,149144,148331,147426,146440,145399,144539,143462,142228,140912,139585,138344,137047,135712,134333,132918,131682,130341,128934,127528,126211
ton,Tonga,9451,9696,9917,10126,10307,10437,10707,10892,11048,11281,11723,12359,13000,13642,14226,14684,15212,15475,15507,15363,15077,14654,14144,13614,13163,12860,12556,12560,12772,13041,13270,13943,14291,14386,14353,14340,14521,14343,13976,13620,13411,13021,13006,13229,13456,13571,13990,13967,13677,13385,13278,12968,12993,13257,13561,13755,13941,14033,14017,13921,13750,13539,13280,12995,12734,12581,12532,12427,12317,12240,12201,12110,12085,12105,12144,12183,12289,12360,12403,12444,12504,12609,12687,12749,12797,12840,12899,12926,12932,12923,12907,12899,12874,12834,12785,12729,12687,12622,12542,12458,12377,12314,12240,12160,12083,12019,11986,11950,11912,11876,11840,11845,11823,11778,11729,11682,11659,11618,11558,11492,11416,11358,11272,11169,11054,10936,10835,10718,10594,10461,10331,10225,10107,9982,9853,9735,9648,9546,9439,9330,9227,9157,9069,8969,8866,8769,8697,8608,8508,8401,8293
tto,Trinidad and Tobago,106992,109061,111626,115414,119916,124427,128347,131798,134513,136701,138676,141702,144629,146928,147657,146276,144784,139545,132223,125481,121077,113461,112078,114995,118915,121613,127170,129412,129487,129913,132478,135643,140839,147000,151780,153706,156604,153931,147339,139698,133078,123618,117300,113343,109948,105826,102173,98400,94608,91505,89616,89026,89037,89594,90428,91461,93818,95212,95951,96463,97088,97593,97782,97713,97322,96553,95181,93689,92061,90290,88366,86141,84109,82218,80432,78726,77251,75939,74774,73766,72935,72571,72191,71831,71523,71320,71431,71422,71329,71170,70973,70819,70527,70118,69606,69007,68299,67546,66752,65916,65037,64101,63214,62360,61534,60731,60021,59350,58719,58136,57610,57257,56905,56557,56218,55909,55736,55505,55235,54950,54673,54428,54157,53858,53525,53149,52764,52319,51838,51342,50849,50324,49844,49385,48929,48463,48063,47645,47215,46791,46385,46071,45750,45424,45099,44788,44567,44321,44062,43797,43529
tun,Tunisia,583176,594186,605375,617765,629493,638834,654825,665872,673956,683592,699881,726661,753584,780283,804300,824591,847180,854090,850456,844919,845304,844397,850236,862430,877653,893146,909475,926285,943184,960853,980381,1002490,1018817,1030869,1040756,1050367,1060236,1067693,1072401,1072507,1066961,1059115,1041038,1015584,987283,959015,924992,898842,878347,859691,840666,829294,817216,805819,798171,796749,802318,810278,821689,837932,860068,888849,923428,959986,991919,1015137,1042354,1047086,1035907,1019259,1004154,973799,954969,944038,933468,917802,900725,883006,864396,846834,831606,820134,809809,801074,794173,789533,789263,789849,791380,793836,797335,804096,809806,814669,818841,822452,826496,828802,829548,828798,826527,822625,817695,811716,804658,796420,786750,777265,767834,758373,748794,739577,731176,723472,716444,710102,705792,702049,698811,696039,693782,693751,693249,692458,691571,690746,690862,690477,689636,688226,686129,684097,681381,677966,673902,669223,664350,659436,654379,649047,643299,638057,632901,627741,622514,617162,613122,609077,605005,601004,597349
tur,Turkey,3368545,3550532,3772859,3975367,4141303,4279909,4476466,4575689,4619904,4653197,4710041,4748272,4816695,4910782,5009864,5102175,5218497,5303733,5369592,5438322,5528212,5641548,5750773,5858983,5964827,6070868,6200426,6298682,6376044,6446362,6520842,6589517,6648510,6696703,6728047,6740483,6754640,6731671,6683984,6629383,6581000,6518915,6473573,6445376,6433782,6438950,6461852,6508143,6565825,6615508,6644895,6704913,6697573,6644948,6580835,6529119,6448292,6399331,6379973,6385485,6417747,6474561,6553916,6645944,6728466,6778796,6829515,6815928,6749274,6657922,6567148,6471512,6409838,6374792,6344424,6298705,6238565,6182099,6125299,6071674,6024215,5978443,5936777,5898225,5860130,5821330,5794639,5758957,5717472,5674882,5634929,5600802,5567359,5534613,5501733,5468522,5442677,5415131,5385474,5353278,5318527,5291752,5257600,5217820,5174994,5131218,5091628,5051009,5009344,4966102,4921190,4882979,4842952,4801517,4759723,4718592,4686287,4653730,4620862,4587469,4553732,4530222,4503401,4474015,4443251,4412215,4389428,4364523,4337667,4308819,4278157,4255074,4228943,4199970,4168663,4135617,4109865,4081858,4051602,4019288,3985328,3959101,3930778,3900566,3868700,3835368,3810538,3783762,3754921,3724180,3692230
tza,Tanzania,1460639,1496116,1513728,1531210,1557813,1597576,1636470,1687968,1747289,1809436,1872176,1951262,2013216,2064595,2116350,2177929,2248158,2317236,2388209,2462618,2543383,2636060,2722142,2805199,2889450,2978896,3080013,3175430,3268118,3361003,3458076,3567947,3666919,3760553,3855816,3959240,4073329,4184043,4296213,4416244,4551668,4710997,4865371,5013161,5145775,5256228,5383096,5472930,5543651,5627864,5754096,5902243,6098549,6331689,6576269,6814446,7089393,7320181,7518704,7706205,7901238,8090972,8262364,8426615,8593615,8770560,8927026,9111442,9316107,9528151,9738602,9967979,10184524,10393071,10604066,10826059,11064340,11301016,11538406,11777032,12018476,12272392,12519875,12762441,13001525,13238879,13483973,13718437,13945442,14168954,14392285,14619059,14844116,15067859,15290224,15511589,15742076,15968641,16190818,16407437,16618268,16839652,17045217,17240355,17433364,17630512,17832312,18041707,18255384,18466643,18671294,18891411,19095563,19286912,19471317,19653401,19842904,20024459,20199693,20369487,20534851,20706160,20873041,21034387,21188114,21333079,21487501,21626836,21754582,21876581,21997193,22123975,22251235,22376543,22494840,22603008,22724506,22828657,22918654,22999991,23076809,23160863,23239740,23313703,23381642,23443201,23514923,23580838,23642879,23703745,23764765
uga,Uganda,945091,977493,1015412,1051390,1083785,1114040,1154332,1183263,1207663,1235176,1272394,1313177,1358614,1409195,1463029,1519246,1584969,1645757,1702077,1753974,1801657,1855413,1898823,1936928,1977815,2029024,2086134,2151414,2224454,2302107,2382845,2475219,2557910,2637163,2723030,2824559,2939183,3057625,3180747,3306634,3434408,3582139,3720433,3851142,3976706,4100305,4240316,4365428,4482787,4602997,4736456,4880433,5026779,5176973,5330056,5486558,5654524,5811214,5961217,6110879,6266988,6424520,6568534,6708226,6856724,7026834,7198326,7370538,7538306,7685519,7796039,7895527,7965398,8013589,8059832,8122291,8189445,8279997,8386986,8495074,8593382,8709635,8793640,8854110,8906248,8961907,9015981,9067482,9118016,9165971,9210710,9255868,9300131,9342189,9380666,9414966,9457571,9488540,9510614,9527915,9543877,9563917,9578975,9590136,9597921,9603126,9613157,9618919,9620415,9617319,9609760,9608522,9598199,9580875,9559504,9536446,9517172,9495727,9472295,9446532,9418483,9397290,9372504,9344282,9312889,9278810,9252633,9220106,9182466,9141125,9097347,9058834,9016259,8970678,8923305,8875151,8832225,8789515,8746477,8702069,8655764,8617662,8575232,8529537,8482377,8435434,8394400,8352455,8310172,8267022,8222025
ukr,Ukraine,2987890,3391136,3721431,3954896,4082221,4150205,4345646,4342377,4229578,4098540,4014324,3828648,3784833,3835588,3885091,3864280,3876189,3789662,3639131,3504380,3440542,3365433,3407187,3527246,3648668,3719947,3854703,3875429,3816128,3746162,3718001,3683098,3694249,3738503,3776514,3780079,3782963,3742515,3664206,3565352,3458568,3341133,3212876,3078701,2939592,2794342,2627615,2486522,2364668,2256303,2160097,2091536,2030346,1983650,1964919,1982499,2019492,2097891,2201055,2301176,2381686,2500912,2547779,2542246,2513215,2478585,2394013,2318335,2250414,2183945,2113850,2015032,1952324,1912412,1879938,1843755,1828301,1799107,1761469,1726852,1703833,1691001,1682165,1678207,1676798,1676819,1681349,1684684,1686993,1688897,1690773,1692172,1692258,1690948,1687836,1682471,1673569,1663185,1651164,1637307,1621292,1601529,1581441,1560942,1540108,1518924,1496164,1475224,1455876,1437985,1421450,1406787,1394246,1383477,1374157,1366200,1361605,1356766,1352034,1347876,1344651,1342565,1340218,1337639,1334623,1331000,1326384,1320802,1314377,1307277,1299511,1289588,1280062,1270631,1260799,1250101,1238646,1227241,1215759,1204332,1193079,1182588,1173041,1164217,1155785,1147433,1141298,1134958,1128332,1121751,1115878
ury,Uruguay,219747,221663,221944,223315,226371,230763,233533,238570,244567,250445,255565,261868,266466,269467,271242,272075,272665,271494,269348,267338,265979,263410,264916,268764,272643,275516,282657,284403,282410,279245,276900,273676,269950,266721,264519,263228,258128,258776,262931,267731,271359,278211,281419,281843,281228,280853,280559,278992,276647,273671,270088,264894,261276,258592,255985,252928,250212,246557,242490,239060,236957,234756,234517,235628,236954,237771,239922,240230,239214,237813,236656,235000,233558,232329,231087,229674,227887,226530,225372,224170,222741,221626,220079,218218,216283,214453,212693,211062,209548,208075,206590,205299,204043,202806,201591,200397,199468,198485,197456,196391,195302,194389,193407,192362,191262,190105,189061,187988,186875,185690,184411,183268,182054,180779,179465,178136,176942,175809,174713,173600,172428,171481,170472,169409,168313,167191,166280,165355,164398,163405,162376,161546,160707,159850,158950,157983,157197,156348,155437,154480,153470,152609,151758,150886,149957,148949,148127,147261,146342,145374,144374
usa,USA,17236887,17757254,18105689,18446771,18839846,19279054,19550663,19925014,20304899,20593793,20732517,20926217,20850373,20561589,20170151,19764566,19279987,18806298,18372244,17981443,17614990,17099248,16815944,16685683,16610937,16530401,16643240,16638077,16564159,16517892,16579777,16774486,16990036,17236943,17501245,17779318,18147653,18465436,18744359,18999064,19240996,19515152,19717381,19853756,19928128,19965957,20058849,19969273,19787667,19632646,19564581,19359971,19455594,19738697,20041930,20270037,20801322,21042754,21059895,20974629,20890229,20864063,20679186,20416044,20151215,19935462,19595177,19474782,19511521,19604096,19676332,19819487,19961028,20089981,20215064,20340275,20520633,20636217,20708871,20761590,20808154,20798464,20818704,20857537,20892079,20900568,20869690,20868199,20879957,20888351,20876637,20858362,20843756,20830061,20816203,20796661,20767676,20763186,20775677,20794748,20809064,20821351,20860273,20916271,20977745,21031888,21090159,21163371,21242755,21317240,21374588,21429277,21486479,21540435,21584905,21611041,21621994,21648280,21680176,21704348,21706384,21699084,21704295,21714212,21721012,21714261,21705554,21719440,21746130,21773243,21787094,21809773,21849526,21897126,21941739,21970907,22008977,22058067,22110986,22158465,22188351,22221100,22269199,22321617,22365439,22387227,22412390,22448063,22485085,22513392,22520473
uzb,Uzbekistan,692560,794549,904994,1008831,1099504,1180659,1289165,1361752,1413600,1461649,1519236,1562032,1627041,1706718,1783411,1843614,1897312,1926911,1938967,1948017,1963077,1966248,1997632,2048099,2102693,2153376,2230361,2286043,2328752,2373284,2429782,2493105,2566980,2649110,2733538,2817150,2916375,3005026,3082386,3149309,3208343,3276774,3315028,3327233,3315569,3282039,3227160,3145468,3046679,2944052,2847073,2727299,2642641,2590033,2565977,2568012,2597219,2664110,2755430,2853031,2945877,3087037,3171076,3216091,3250416,3294888,3323154,3363002,3406948,3434636,3431637,3412530,3361380,3287395,3209788,3140936,3049434,2994625,2967092,2950608,2934052,2938336,2940635,2941393,2945622,2957468,2990391,3014132,3031611,3044513,3054730,3067439,3070237,3065072,3053364,3035962,3009633,2981776,2952385,2921423,2888518,2850956,2818896,2790720,2764877,2740287,2721877,2704913,2689182,2674918,2662585,2658638,2651879,2643269,2633801,2624422,2618293,2609286,2598126,2585304,2571190,2556134,2540252,2523523,2505798,2486920,2466992,2447282,2427726,2408443,2389497,2371255,2354222,2338118,2322621,2307573,2295125,2282232,2269060,2255868,2242915,2232269,2220752,2208579,2196043,2183536,2172400,2161050,2149676,2138105,2125674
vct,St. Vincent and the Grenadines,13638,13891,14074,14263,14493,14777,14994,15275,15580,15865,16092,16281,16463,16620,16742,16817,16834,16792,16719,16644,16587,16397,16280,16208,16123,16000,15879,15641,15327,15020,14765,14451,14244,14110,13995,13880,13934,13865,13716,13546,13368,13016,12768,12574,12373,12144,11977,11746,11471,11195,10945,10646,10347,10069,9836,9633,9326,9184,9134,9089,9009,9210,9124,8836,8503,8283,8284,8152,7981,7822,7706,7537,7463,7454,7451,7415,7416,7356,7254,7145,7051,6958,6878,6806,6735,6658,6587,6511,6427,6347,6268,6201,6132,6062,5989,5920,5863,5796,5727,5661,5597,5539,5479,5419,5360,5300,5251,5197,5140,5085,5029,4982,4930,4876,4821,4768,4722,4673,4621,4568,4516,4472,4424,4376,4325,4276,4235,4189,4141,4092,4047,4008,3965,3923,3880,3837,3801,3762,3718,3673,3628,3591,3552,3514,3472,3434,3400,3365,3323,3283,3244
ven,Venezuela,1021737,1068014,1109388,1150750,1195890,1246313,1302789,1362513,1422963,1481252,1536108,1598958,1648693,1689153,1726644,1766090,1803516,1843564,1884610,1922049,1952989,1984417,2004473,2018276,2035153,2061775,2087383,2131149,2186853,2242887,2291417,2351608,2390673,2415875,2441044,2476158,2508456,2556089,2612492,2663931,2701037,2743016,2759396,2757565,2751484,2750904,2739739,2743856,2759202,2776921,2790755,2810061,2825779,2837549,2847468,2857294,2874021,2882754,2887014,2891898,2900078,2911422,2935724,2955772,2941833,2873490,2820445,2699142,2545345,2419114,2363409,2253480,2255438,2334821,2430635,2497087,2608399,2658189,2659760,2645664,2639867,2641200,2637169,2631155,2619540,2600261,2568151,2541855,2518241,2494396,2467741,2440899,2415156,2389993,2366020,2343835,2328255,2312189,2296104,2280428,2265850,2257507,2246429,2233636,2220232,2207180,2196682,2184985,2172347,2158762,2144316,2131013,2116605,2101246,2085213,2068724,2053446,2037962,2022201,2006123,1989784,1975660,1961035,1945925,1930322,1914297,1900751,1885770,1869929,1854164,1839206,1826125,1814305,1803251,1791990,1779930,1771062,1760001,1747298,1733971,1720802,1709308,1697843,1686338,1674476,1662112,1651700,1640812,1629697,1618806,1608345
vnm,Vietnam,3088167,3347537,3676577,4001617,4307971,4605741,4980242,5255271,5468215,5654391,5841592,5994331,6147355,6301546,6445401,6570869,6672857,6772683,6868968,6965323,7063312,7176166,7301996,7432296,7551449,7649779,7766696,7826566,7853091,7886152,7956273,8009224,8117021,8264967,8422973,8569976,8742040,8874137,8972775,9057377,9142037,9227553,9301389,9341234,9296383,9133921,8939166,8551259,8048682,7564743,7190756,6689646,6498305,6528895,6629731,6697017,6922325,7044379,7089525,7127802,7210284,7343008,7433636,7505594,7571873,7642771,7672773,7743873,7830904,7890956,7892471,7882647,7793298,7648828,7498408,7374433,7203223,7117115,7085324,7050820,6974468,6932219,6818555,6658780,6504341,6390748,6268618,6212780,6207561,6219040,6224867,6269125,6294971,6306250,6316015,6333332,6365949,6388321,6403368,6410437,6408928,6398793,6383120,6360956,6330654,6290118,6237933,6185295,6130686,6072954,6010650,5945161,5884401,5826796,5771078,5716216,5668828,5625780,5586623,5551284,5519668,5499717,5482708,5468168,5455615,5444760,5443404,5441510,5438310,5432275,5422056,5414764,5401324,5382254,5358293,5329420,5295651,5262034,5227694,5190795,5149099,5106022,5065554,5025550,4984281,4940459,4902938,4866369,4830420,4796276,4766344
vut,Vanuatu,8985,9218,9431,9668,9941,10258,10600,10921,11224,11538,11893,12328,12722,13085,13415,13705,13999,14190,14320,14474,14734,15114,15517,15958,16426,16911,17525,18082,18587,19051,19491,20028,20513,20953,21362,21758,22138,22502,22877,23300,23774,24123,24633,25215,25757,26197,26795,27268,27644,27979,28332,28631,28805,28959,29221,29662,29970,30776,31856,32948,34017,36033,37149,37743,38274,38936,38687,39263,40324,41362,42080,43095,43632,43833,43994,44326,44621,45100,45732,46396,47019,47709,48363,48983,49599,50232,50930,51595,52234,52849,53447,54064,54648,55206,55743,56267,56797,57325,57846,58337,58795,59280,59715,60113,60491,60869,61259,61659,62064,62466,62858,63295,63720,64132,64524,64897,65321,65694,66027,66326,66594,66877,67119,67329,67521,67698,67883,68079,68274,68448,68577,68747,68851,68908,68949,68998,69061,69149,69247,69314,69328,69385,69359,69268,69152,69052,68951,68903,68920,68974,69019
wsm,Samoa,14829,15640,16793,17897,18777,19428,20410,20819,20923,21049,21474,21898,22740,23881,24998,25825,26619,27120,27341,27381,27300,27104,26922,26729,26475,26136,25783,25400,24997,24630,24339,24107,23902,23734,23591,23455,23322,23170,23034,22992,23138,23558,23995,24431,24816,25124,25544,25704,25692,25637,25599,25141,24990,25038,25141,25198,25331,25415,25454,25553,25871,26559,27213,27905,28554,28927,28325,28063,27861,27499,26990,27104,26271,24950,23761,23072,21835,21739,22417,23217,23711,24733,25071,24924,24712,24752,24812,25021,25366,25714,25987,26282,26505,26657,26759,26824,26905,26887,26787,26639,26471,26273,26058,25830,25593,25358,25143,24932,24726,24536,24371,24287,24191,24092,24012,23963,24008,24029,24032,24024,24017,24079,24067,24004,23902,23787,23692,23543,23355,23137,22900,22673,22418,22140,21849,21549,21291,21008,20710,20414,20134,19921,19692,19460,19230,19017,18884,18716,18527,18331,18150
yem,Yemen,815508,824488,818068,809577,806690,813400,821433,837232,857904,880225,903013,940075,962467,975807,989445,1011748,1045989,1079327,1113486,1148084,1184278,1230905,1267963,1300766,1336370,1381319,1425356,1468736,1515098,1568319,1632280,1703077,1780294,1863705,1951798,2044440,2146983,2240168,2330707,2429212,2544165,2654203,2770269,2882999,2974757,3033759,3104875,3124124,3109625,3091680,3092834,3078630,3108943,3171920,3244093,3309040,3394849,3458160,3506023,3554651,3616155,3685836,3760061,3836334,3905795,3963054,4024582,4062761,4083815,4098711,4115306,4121769,4137446,4158982,4179112,4192872,4209425,4217875,4220028,4220698,4223620,4230434,4236683,4242285,4245650,4246150,4251059,4247855,4238822,4227626,4217117,4207698,4198962,4190080,4178835,4163952,4153067,4135365,4112459,4087256,4061967,4038598,4015093,3990919,3964447,3934785,3909191,3878131,3843226,3807328,3772571,3740467,3710675,3682181,3652788,3621205,3595456,3564762,3530633,3495708,3461971,3430916,3400984,3372135,3343770,3315619,3291227,3266895,3242459,3217834,3193077,3172194,3149211,3124752,3099645,3074565,3051151,3027347,3003317,2979102,2954780,2931881,2909282,2886925,2864709,2842487,2822488,2802384,2782089,2761914,2742632
zaf,South Africa,2023750,2105664,2218170,2325926,2419414,2503154,2626117,2696645,2738623,2777087,2831612,2876287,2940124,3019807,3102449,3180238,3267531,3338344,3399025,3462456,3539204,3629145,3722496,3818559,3911676,3999684,4104845,4182959,4248176,4324194,4428727,4536688,4682494,4849723,5008582,5138846,5291873,5379156,5415751,5426408,5429347,5388104,5332005,5266010,5192969,5114903,5018397,4955490,4917122,4888759,4859428,4864574,4863638,4863836,4883204,4936563,5028965,5144084,5274302,5402682,5520408,5667204,5752842,5794113,5815084,5832267,5815375,5803789,5796363,5785611,5764945,5723163,5700398,5688049,5677264,5661123,5657276,5644404,5625277,5606396,5592694,5588444,5584980,5582858,5580937,5578786,5583440,5585686,5585348,5581963,5575292,5571413,5560811,5545218,5527122,5508124,5486770,5468111,5450700,5431930,5409863,5389987,5367445,5342608,5316661,5290365,5266436,5242591,5218945,5195454,5172091,5151743,5132412,5113630,5094679,5075046,5058611,5040420,5021019,5001284,4981762,4962691,4944509,4926848,4908919,4890073,4871210,4851998,4832332,4812184,4791369,4769899,4748552,4727305,4706153,4684953,4663441,4643580,4624802,4606363,4587636,4570107,4552842,4535671,4518556,4501364,4484844,4468550,4452170,4435228,4417318
zmb,Zambia,423044,434748,444445,455518,469179,485788,503474,522389,542082,562545,584278,610714,634839,657471,679579,702276,727118,748219,767801,789010,814523,841890,873376,908101,943962,979799,1020936,1056293,1087886,1118894,1151982,1185869,1218091,1249644,1281119,1313134,1348741,1383929,1418358,1451232,1482520,1523085,1556522,1586398,1618256,1657135,1703367,1751023,1800817,1852811,1908027,1977954,2042664,2103666,2162505,2221747,2288123,2340873,2386166,2432329,2486008,2532426,2586589,2645670,2702717,2753022,2803757,2840241,2868914,2901503,2946454,2990375,3055867,3136499,3220244,3299067,3393008,3468450,3530738,3590237,3654810,3720012,3787291,3856436,3924255,3988804,4054124,4115720,4174270,4231656,4289259,4348843,4407943,4466466,4523802,4579800,4639931,4695953,4749155,4801576,4854893,4911705,4968411,5024923,5080562,5135107,5194578,5250098,5302781,5354476,5406689,5462549,5517747,5571855,5623631,5672437,5725322,5771804,5813488,5852934,5892073,5932484,5973063,6013365,6052134,6088649,6129064,6165847,6199666,6231912,6263709,6299350,6333395,6365607,6395149,6421641,6452065,6476614,6496635,6514208,6530900,6548942,6566661,6583702,6598989,6611643,6628055,6640939,6650523,6658242,6666054
zwe,Zimbabwe,441553,465269,507673,550280,586759,617153,662923,687255,700006,711820,730880,745269,771994,808148,845974,880183,918814,951041,979096,1008169,1042114,1078676,1118443,1161011,1204866,1249117,1299019,1347680,1394619,1438949,1480913,1520759,1545551,1561273,1577663,1601789,1620968,1656354,1699763,1735616,1752528,1783960,1785512,1764897,1737402,1714321,1693024,1685098,1687165,1690994,1691691,1709672,1720966,1729805,1744476,1771441,1805003,1843584,1887781,1938279,1997281,2067240,2133670,2192852,2236182,2258788,2279248,2252615,2196377,2138020,2097448,2026294,2003496,2015828,2038381,2053603,2084767,2099759,2103046,2107477,2122634,2147227,2171782,2197584,2222695,2246481,2272774,2294258,2311516,2325514,2336933,2346375,2352096,2354504,2353948,2350675,2344795,2337587,2328909,2318495,2306216,2294245,2280689,2266178,2251830,2238584,2227860,2218449,2210267,2203073,2196932,2195802,2193647,2190762,2187528,2184439,2185119,2182908,2178567,2172949,2166769,2161414,2154609,2146561,2137284,2126854,2116838,2105758,2093684,2080744,2067076,2054635,2041402,2027604,2013579,1999655,1987760,1975752,1963804,1952168,1941135,1932752,1924234,1915699,1907280,1899142,1893423,1886522,1878502,1869632,1860469
